 ,Mean(before_f1_bg)
1,62.869
2,62.285
3,66.009
4,62.984
5,67.988
6,62.728
7,67.497
8,60.692
9,59.710
10,60.723
11,58.594
12,61.064
13,61.028
14,60.783
15,65.328
16,56.353
17,66.161
18,59.291
19,63.792
20,58.379
21,59.112
22,58.393
23,61.452
24,56.512
25,59.410
26,56.575
27,62.116
28,61.710
29,58.982
30,63.715
31,61.569
32,60.079
33,61.967
34,64.480
35,64.608
36,61.391
37,58.971
38,60.446
39,65.093
40,61.622
41,59.646
42,55.876
43,57.872
44,67.180
45,60.383
46,65.353
47,62.069
48,64.023
49,55.666
50,57.542
51,58.973
52,59.677
53,60.492
54,61.704
55,60.045
56,64.386
57,62.651
58,60.451
59,59.662
60,55.730
61,58.296
62,58.403
63,61.362
64,57.542
65,60.061
66,59.151
67,63.894
68,57.233
69,55.675
70,61.535
71,59.592
72,62.093
73,56.084
74,56.358
75,63.935
76,60.944
77,67.230
78,59.994
79,58.393
80,58.798
81,55.315
82,58.352
83,57.287
84,60.558
85,61.343
86,57.205
87,60.278
88,57.377
89,61.400
90,62.263
91,56.253
92,59.359
93,59.343
94,61.288
95,61.972
96,62.548
97,57.319
98,61.261
99,61.600
100,61.544
101,65.253
102,58.638
103,59.910
104,57.943
105,60.453
106,60.602
107,61.038
108,56.896
109,59.181
110,56.828
111,57.214
112,59.794
113,59.849
114,57.973
115,58.825
116,63.283
117,57.050
118,61.390
119,59.717
120,60.987
121,56.084
122,58.797
123,57.354
124,61.275
125,62.883
126,59.285
127,63.684
128,62.600
129,62.570
130,59.086
131,63.171
132,61.537
133,59.502
134,60.791
135,57.104
136,60.580
137,56.441
138,56.200
139,59.384
140,59.810
141,59.946
142,59.669
143,59.311
144,59.847
145,61.569
146,60.931
147,60.897
148,62.590
149,63.754
150,61.658
151,62.801
152,63.666
153,63.574
154,67.183
155,63.191
156,65.031
157,68.193
158,60.337
159,68.775
160,64.413
161,61.425
162,62.267
163,60.706
164,62.241
165,63.443
166,63.219
167,57.557
168,60.549
169,60.751
170,57.725
171,54.470
172,61.328
173,60.183
174,63.184
175,62.114
176,62.779
177,60.983
178,54.394
179,59.898
180,55.991
181,61.045
182,60.699
183,57.316
184,60.980
185,53.269
186,58.625
187,57.461
188,59.321
189,60.711
190,61.884
191,58.821
192,61.656
193,60.373
194,56.651
195,58.076
196,57.032
197,58.862
198,56.923
199,59.548
200,59.220
201,54.340
202,55.682
203,56.882
204,53.520
205,58.619
206,57.723
207,60.670
208,56.830
209,61.944
210,57.965
211,56.239
212,56.297
213,57.289
214,59.103
215,60.375
216,59.500
217,64.147
218,63.084
219,63.413
220,61.353
221,59.270
222,55.515
223,60.384
224,58.158
225,61.391
226,61.775
227,58.799
228,61.175
229,58.193
230,59.143
231,58.271
232,57.541
233,61.958
234,61.392
235,59.196
236,59.757
237,62.814
238,59.782
239,62.682
240,60.021
241,59.583
242,66.064
243,62.026
244,60.874
245,59.011
246,56.929
247,63.727
248,54.775
249,65.877
250,56.946
251,60.656
252,58.782
253,58.229
254,61.243
255,59.814
256,60.962
257,60.354
258,63.692
259,59.017
260,60.708
261,58.708
262,58.500
263,55.877
264,61.078
265,56.690
266,58.141
267,60.850
268,56.638
269,61.560
270,59.735
271,64.129
272,58.895
273,60.280
274,61.017
275,64.732
276,61.273
277,58.842
278,59.539
279,57.906
280,58.360
281,61.915
282,58.001
283,62.964
284,60.903
285,60.191
286,59.174
287,60.353
288,60.619
289,61.035
290,59.877
291,56.911
292,58.338
293,60.248
294,61.411
295,63.085
296,54.943
297,59.862
298,57.666
299,55.852
300,59.171
301,60.162
302,60.780
303,53.714
304,54.757
305,57.643
306,54.086
307,55.580
308,61.276
309,58.795
310,57.030
311,57.311
312,59.316
313,61.625
314,64.717
315,62.912
316,59.658
317,59.831
318,65.146
319,58.019
320,59.625
321,57.952
322,60.874
323,61.143
324,60.477
325,61.335
326,61.730
327,56.521
328,63.017
329,58.419
330,61.546
331,58.395
332,59.646
333,59.898
334,58.263
335,59.715
336,57.080
337,61.853
338,61.403
339,58.128
340,62.558
341,57.689
342,55.479
343,59.702
344,58.059
345,59.372
346,59.445
347,56.076
348,60.132
349,57.334
350,59.737
351,57.826
352,57.217
353,56.931
354,60.290
355,65.539
356,63.316
357,60.041
358,60.166
359,65.199
360,61.218
361,61.765
362,59.836
363,60.806
364,63.925
365,62.199
366,61.564
367,61.616
368,59.126
369,67.699
370,62.105
371,66.470
372,68.997
373,64.683
374,64.456
375,65.210
376,66.833
377,66.828
378,67.220
379,69.364
380,69.812
381,67.122
382,70.874
383,63.261
384,66.915
385,59.020
386,66.702
387,64.328
388,66.086
389,61.627
390,63.517
391,62.435
392,64.614
393,60.971
394,59.401
395,60.895
396,66.128
397,68.529
398,64.990
399,64.980
400,65.931
401,63.565
402,62.512
403,59.893
404,60.683
405,55.739
406,57.865
407,53.360
408,62.487
409,58.765
410,57.458
411,56.868
412,57.963
413,60.080
414,59.573
415,57.877
416,58.426
417,56.777
418,58.862
419,59.615
420,58.269
421,57.231
422,57.723
423,57.544
424,56.796
425,59.758
426,59.259
427,57.600
428,60.934
429,62.812
430,63.925
431,58.453
432,58.134
433,62.314
434,58.576
435,62.113
436,56.956
437,58.307
438,58.618
439,57.526
440,60.589
441,60.214
442,56.679
443,61.835
444,61.547
445,61.439
446,61.655
447,63.223
448,60.619
449,56.291
450,57.488
451,55.996
452,61.239
453,57.423
454,60.382
455,58.542
456,60.677
457,65.225
458,61.883
459,59.921
460,59.969
461,59.911
462,55.575
463,60.373
464,60.291
465,62.145
466,57.992
467,60.805
468,61.746
469,63.458
470,61.156
471,61.213
472,65.235
473,61.692
474,59.632
475,57.781
476,63.856
477,61.862
478,56.804
479,61.017
480,61.281
481,66.323
482,60.297
483,60.560
484,59.526
485,59.260
486,65.241
487,58.743
488,61.547
489,59.433
490,65.881
491,60.142
492,63.946
493,65.172
494,62.443
495,62.289
496,64.381
497,65.508
498,64.079
499,61.732
500,63.038
501,67.324
502,60.488
503,62.211
504,57.968
505,59.398
506,59.509
507,59.807
508,60.703
509,53.943
510,60.932
511,58.665
512,58.364
513,56.778
514,66.671
515,57.871
516,59.353
517,60.353
518,63.490
519,58.629
520,54.435
521,56.594
522,56.830
523,61.694
524,59.275
525,56.709
526,61.621
527,62.117
528,60.626
529,58.586
530,59.280
531,60.489
532,58.387
533,61.362
534,63.633
535,59.706
536,58.653
537,58.289
538,59.858
539,63.147
540,58.105
541,59.574
542,57.302
543,56.472
544,54.910
545,54.876
546,59.363
547,59.116
548,59.660
549,59.020
550,58.201
551,61.272
552,63.493
553,60.885
554,60.365
555,59.619
556,59.988
557,63.577
558,62.045
559,58.013
560,63.830
561,59.327
562,59.133
563,61.289
564,63.692
565,57.743
566,57.327
567,55.729
568,66.884
569,56.501
570,64.026
571,60.983
572,62.925
573,56.700
574,63.151
575,57.931
576,59.462
577,56.834
578,59.194
579,60.118
580,55.338
581,64.076
582,59.941
583,63.292
584,58.123
585,57.973
586,57.871
587,57.670
588,59.239
589,63.076
590,59.744
591,59.887
592,55.377
593,63.730
594,59.118
595,58.595
596,54.547
597,62.490
598,63.439
599,63.292
600,59.276
601,56.520
602,60.157
603,61.295
604,67.050
605,62.292
606,57.415
607,59.830
608,61.587
609,66.807
610,62.663
611,62.887
612,63.325
613,61.641
614,60.855
615,65.458
616,69.381
617,62.859
618,57.819
619,58.535
620,61.468
621,62.113
622,58.860
623,59.529
624,59.621
625,54.498
626,57.180
627,55.613
628,55.075
629,62.584
630,57.013
631,58.357
632,54.525
633,60.315
634,58.517
635,64.796
636,61.804
637,60.183
638,61.946
639,64.336
640,58.249
641,60.708
642,56.662
643,60.657
644,57.137
645,58.518
646,56.772
647,58.339
648,55.710
649,58.648
650,56.435
651,57.208
652,58.721
653,58.574
654,62.977
655,64.552
656,59.540
657,56.482
658,58.489
659,58.595
660,60.170
661,62.259
662,55.383
663,62.307
664,59.150
665,60.455
666,56.938
667,58.570
668,61.109
669,56.900
670,57.362
671,59.651
672,62.783
673,62.485
674,61.022
675,59.837
676,57.781
677,63.800
678,57.268
679,61.047
680,64.706
681,63.561
682,61.030
683,63.161
684,59.830
685,58.818
686,64.894
687,62.700
688,59.519
689,60.421
690,59.865
691,61.375
692,61.212
693,55.066
694,56.402
695,58.387
696,62.335
697,62.445
698,60.330
699,62.265
700,60.652
701,60.682
702,58.817
703,63.545
704,60.104
705,55.254
706,60.449
707,62.504
708,55.894
709,60.321
710,60.969
711,57.975
712,62.470
713,62.062
714,62.695
715,57.658
716,62.646
717,63.041
718,60.807
719,59.016
720,59.940
721,59.562
722,59.017
723,61.401
724,57.606
725,62.016
726,63.444
727,60.039
728,61.443
729,58.519
730,59.811
731,65.859
732,57.541
733,57.874
734,59.540
735,58.008
736,55.390
737,56.396
738,61.516
739,56.546
740,58.652
741,60.421
742,57.143
743,59.461
744,64.045
745,55.372
746,61.232
747,61.319
748,59.257
749,61.450
750,58.276
751,61.527
752,60.782
753,59.897
754,59.874
755,58.915
756,58.047
757,54.679
758,63.577
759,59.434
760,61.958
761,61.449
762,60.828
763,55.688
764,55.279
765,58.763
766,59.804
767,55.392
768,61.621
769,62.154
770,60.316
771,56.663
772,60.318
773,60.475
774,60.696
775,60.104
776,56.765
777,58.092
778,63.369
779,61.594
780,62.743
781,60.383
782,63.633
783,62.029
784,60.325
785,63.107
786,57.824
787,62.033
788,61.542
789,60.792
790,59.398
791,56.729
792,63.949
793,63.523
794,57.820
795,59.023
796,56.938
797,61.304
798,62.038
799,58.035
800,59.173
801,60.923
802,58.971
803,56.970
804,61.283
805,58.456
806,59.628
807,57.434
808,67.287
809,61.085
810,61.910
811,55.090
812,63.067
813,56.914
814,63.558
815,59.131
816,60.576
817,57.887
818,58.848
819,57.294
820,60.663
821,60.270
822,61.921
823,60.439
824,60.665
825,60.984
826,63.988
827,55.725
828,54.844
829,59.018
830,62.081
831,56.210
832,55.719
833,57.991
834,59.065
835,59.635
836,61.469
837,54.353
838,59.955
839,58.249
840,61.412
841,58.670
842,59.956
843,57.182
844,60.092
845,59.965
846,61.073
847,57.942
848,56.975
849,57.492
850,56.610
851,59.888
852,56.846
853,58.917
854,58.603
855,58.358
856,55.919
857,58.381
858,56.762
859,59.981
860,58.810
861,60.266
862,55.695
863,55.195
864,58.286
865,60.796
866,55.748
867,61.775
868,58.465
869,61.888
870,58.172
871,58.500
872,57.162
873,61.184
874,60.694
875,58.885
876,59.780
877,63.836
878,62.484
879,58.905
880,55.951
881,58.439
882,59.604
883,58.917
884,58.571
885,57.837
886,54.056
887,60.290
888,56.817
889,57.603
890,61.282
891,61.592
892,56.690
893,60.805
894,59.301
895,60.548
896,59.433
897,60.621
898,61.499
899,56.002
900,54.039
901,58.615
902,60.920
903,58.068
904,61.788
905,61.085
906,62.522
907,56.405
908,58.080
909,61.463
910,54.188
911,54.055
912,55.155
913,59.234
914,55.488
915,60.614
916,54.720
917,59.276
918,65.109
919,57.959
920,60.459
921,60.908
922,58.867
923,58.347
924,64.330
925,55.681
926,58.751
927,57.163
928,59.434
929,56.960
930,53.671
931,62.068
932,61.282
933,56.023
934,59.821
935,59.311
936,64.203
937,61.355
938,61.112
939,65.452
940,69.019
941,62.237
942,70.301
943,59.263
944,63.015
945,65.905
946,61.047
947,62.867
948,59.275
949,61.179
950,56.431
951,57.573
952,58.640
953,60.154
954,63.520
955,55.343
956,56.348
957,59.843
958,60.653
959,60.158
960,60.935
961,58.580
962,60.720
963,62.092
964,60.194
965,58.826
966,58.125
967,55.932
968,57.364
969,58.897
970,55.460
971,55.414
972,58.756
973,61.520
974,61.421
975,57.694
976,58.092
977,57.048
978,56.567
979,55.583
980,57.295
981,60.953
982,62.054
983,58.112
984,57.677
985,54.501
986,58.993
987,60.337
988,58.771
989,63.429
990,56.557
991,62.095
992,57.383
993,60.334
994,62.825
995,56.059
996,57.528
997,58.155
998,57.948
999,62.324
1000,62.156
1001,59.829
1002,64.334
1003,57.560
1004,57.911
1005,55.530
1006,60.950
1007,60.161
1008,62.167
1009,61.092
1010,64.291
1011,62.722
1012,61.645
1013,55.392
1014,59.550
1015,56.167
1016,64.586
1017,60.568
1018,63.021
1019,60.871
1020,62.393
1021,60.327
1022,58.385
1023,62.605
1024,57.854
1025,61.430
1026,58.652
1027,59.420
1028,58.965
1029,59.470
1030,56.915
1031,61.384
1032,60.464
1033,61.584
1034,59.357
1035,57.790
1036,56.656
1037,59.629
1038,57.456
1039,57.049
1040,54.248
1041,55.467
1042,65.475
1043,65.221
1044,66.857
1045,63.304
1046,67.991
1047,67.157
1048,66.433
1049,69.904
1050,66.825
1051,66.438
1052,66.343
1053,67.482
1054,70.085
1055,66.117
1056,66.003
1057,68.047
1058,72.160
1059,70.666
1060,68.494
1061,69.993
1062,74.742
1063,71.642
1064,69.338
1065,61.731
1066,60.738
1067,64.033
1068,66.417
1069,67.858
1070,61.494
1071,64.531
1072,62.331
1073,67.893
1074,72.775
1075,76.694
1076,67.598
1077,67.981
1078,65.860
1079,64.231
1080,62.836
1081,63.479
1082,64.016
1083,59.804
1084,60.248
1085,64.070
1086,62.751
1087,67.775
1088,69.319
1089,64.926
1090,58.780
1091,62.116
1092,64.278
1093,59.397
1094,61.169
1095,62.609
1096,61.515
1097,60.155
1098,61.506
1099,54.952
1100,62.739
1101,58.501
1102,55.873
1103,61.576
1104,61.368
1105,57.982
1106,61.527
1107,57.266
1108,57.845
1109,59.913
1110,58.391
1111,59.984
1112,54.206
1113,57.626
1114,59.876
1115,57.936
1116,60.485
1117,56.253
1118,56.232
1119,57.469
1120,61.609
1121,61.593
1122,59.477
1123,57.888
1124,56.847
1125,55.743
1126,59.147
1127,58.684
1128,58.051
1129,57.019
1130,60.084
1131,56.587
1132,60.156
1133,59.263
1134,59.176
1135,60.527
1136,55.718
1137,59.315
1138,58.804
1139,59.430
1140,62.289
1141,56.915
1142,56.858
1143,61.259
1144,57.333
1145,60.400
1146,57.987
1147,54.865
1148,52.872
1149,61.729
1150,54.488
1151,55.012
1152,55.618
1153,57.289
1154,57.737
1155,60.403
1156,59.015
1157,56.843
1158,55.031
1159,60.125
1160,56.504
1161,53.785
1162,57.429
1163,57.952
1164,58.194
1165,64.073
1166,59.025
1167,57.968
1168,59.218
1169,59.577
1170,56.062
1171,59.143
1172,60.201
1173,62.057
1174,61.047
1175,58.749
1176,59.267
1177,60.350
1178,57.242
1179,57.439
1180,54.286
1181,52.876
1182,60.919
1183,53.483
1184,55.427
1185,59.039
1186,58.570
1187,58.470
1188,59.444
1189,58.701
1190,64.033
1191,59.893
1192,56.280
1193,54.613
1194,55.276
1195,54.016
1196,58.193
1197,60.220
1198,54.987
1199,59.525
1200,58.215
1201,57.933
1202,62.051
1203,61.453
1204,63.307
1205,62.454
1206,58.680
1207,56.963
1208,57.424
1209,59.817
1210,56.731
1211,55.336
1212,57.699
1213,58.088
1214,53.198
1215,59.469
1216,61.742
1217,59.488
1218,58.988
1219,60.481
1220,62.478
1221,58.605
1222,60.153
1223,62.754
1224,57.959
1225,54.294
1226,56.725
1227,57.220
1228,63.365
1229,62.770
1230,55.360
1231,57.519
1232,58.608
1233,63.439
1234,55.802
1235,60.228
1236,59.834
1237,57.878
1238,61.000
1239,56.350
1240,58.853
1241,60.298
1242,58.297
1243,57.704
1244,61.589
1245,55.663
1246,58.211
1247,61.790
1248,55.694
1249,58.671
1250,60.435
1251,55.807
1252,57.083
1253,59.294
1254,57.064
1255,62.338
1256,57.123
1257,53.654
1258,66.987
1259,54.000
1260,58.410
1261,58.041
1262,56.979
1263,56.176
1264,57.758
1265,55.730
1266,62.500
1267,60.547
1268,58.527
1269,65.421
1270,62.225
1271,63.431
1272,61.459
1273,65.542
1274,64.337
1275,63.076
1276,66.504
1277,65.859
1278,58.468
1279,62.989
1280,68.536
1281,66.838
1282,64.507
1283,61.552
1284,61.789
1285,61.109
1286,64.324
1287,64.609
1288,58.018
1289,61.972
1290,61.170
1291,58.195
1292,60.278
1293,55.761
1294,56.496
1295,62.241
1296,59.516
1297,59.158
1298,57.723
1299,61.535
1300,59.219
1301,54.515
1302,62.049
1303,60.900
1304,57.662
1305,60.260
1306,59.598
1307,64.068
1308,63.470
1309,60.831
1310,59.358
1311,67.179
1312,59.792
1313,57.386
1314,58.214
1315,56.432
1316,58.983
1317,62.944
1318,55.566
1319,54.680
1320,56.598
1321,58.961
1322,60.092
1323,61.058
1324,56.054
1325,55.483
1326,58.177
1327,61.452
1328,59.943
1329,57.244
1330,61.229
1331,64.677
1332,60.244
1333,57.681
1334,56.641
1335,58.869
1336,60.901
1337,65.794
1338,61.608
1339,61.787
1340,60.278
1341,57.858
1342,56.323
1343,60.747
1344,58.994
1345,59.590
1346,58.791
1347,57.893
1348,55.114
1349,60.749
1350,57.547
1351,60.193
1352,55.727
1353,61.195
1354,58.394
1355,58.244
1356,56.140
1357,60.571
1358,57.078
1359,56.877
1360,53.984
1361,57.530
1362,53.179
1363,56.897
1364,55.900
1365,60.684
1366,61.276
1367,59.058
1368,58.811
1369,61.208
1370,59.023
1371,56.451
1372,55.895
1373,56.017
1374,53.610
1375,56.710
1376,59.485
1377,59.146
1378,59.099
1379,58.424
1380,59.376
1381,58.424
1382,60.181
1383,60.569
1384,58.575
1385,58.376
1386,55.643
1387,63.763
1388,65.786
1389,64.283
1390,60.062
1391,66.438
1392,59.542
1393,63.202
1394,54.994
1395,60.919
1396,57.873
1397,58.161
1398,59.734
1399,59.225
1400,59.756
1401,61.090
1402,57.641
1403,55.287
1404,54.392
1405,56.673
1406,56.769
1407,57.689
1408,59.485
1409,61.562
1410,54.982
1411,59.559
1412,56.696
1413,56.382
1414,58.614
1415,56.872
1416,59.923
1417,58.575
1418,59.725
1419,55.903
1420,61.186
1421,57.671
1422,56.224
1423,57.647
1424,59.196
1425,55.306
1426,59.080
1427,60.292
1428,57.083
1429,62.117
1430,57.137
1431,58.463
1432,55.626
1433,55.637
1434,58.421
1435,63.926
1436,59.237
1437,58.682
1438,59.058
1439,59.843
1440,55.410
1441,62.946
1442,61.962
1443,58.869
1444,51.935
1445,53.911
1446,54.455
1447,57.154
1448,56.029
1449,58.234
1450,59.038
1451,58.844
1452,57.808
1453,62.189
1454,60.147
1455,61.345
1456,60.461
1457,53.173
1458,57.203
1459,60.606
1460,56.840
1461,56.756
1462,55.203
1463,63.001
1464,55.129
1465,58.545
1466,55.086
1467,59.451
1468,58.456
1469,57.298
1470,56.882
1471,66.166
1472,64.038
1473,62.369
1474,61.629
1475,57.455
1476,58.717
1477,59.013
1478,57.927
1479,59.080
1480,56.718
1481,57.113
1482,60.714
1483,58.809
1484,61.517
1485,57.028
1486,54.394
1487,63.205
1488,59.345
1489,64.979
1490,65.239
1491,60.425
1492,57.092
1493,59.827
1494,61.897
1495,62.146
1496,64.049
1497,63.358
1498,67.076
1499,62.489
1500,62.892
1501,64.212
1502,60.179
1503,59.294
1504,63.224
1505,61.564
1506,64.219
1507,62.924
1508,61.084
1509,59.451
1510,63.266
1511,60.809
1512,59.536
1513,59.683
1514,60.260
1515,60.283
1516,56.844
1517,54.173
1518,55.031
1519,60.311
1520,60.442
1521,56.545
1522,60.138
1523,61.844
1524,57.974
1525,63.353
1526,60.532
1527,62.052
1528,57.198
1529,60.983
1530,60.902
1531,62.481
1532,61.897
1533,59.795
1534,61.128
1535,55.914
1536,56.352
1537,60.653
1538,59.792
1539,61.410
1540,62.651
1541,56.663
1542,61.606
1543,63.685
1544,56.221
1545,59.272
1546,58.776
1547,59.565
1548,57.817
1549,58.555
1550,57.599
1551,65.537
1552,60.869
1553,58.658
1554,61.208
1555,58.963
1556,64.501
1557,58.871
1558,55.906
1559,58.006
1560,60.108
1561,59.547
1562,56.595
1563,61.896
1564,61.169
1565,59.210
1566,59.702
1567,54.371
1568,60.569
1569,62.545
1570,56.021
1571,62.347
1572,60.627
1573,58.242
1574,57.737
1575,60.686
1576,60.390
1577,57.744
1578,61.836
1579,63.427
1580,63.613
1581,62.883
1582,65.615
1583,61.812
1584,64.458
1585,58.406
1586,58.579
1587,56.403
1588,61.978
1589,61.026
1590,59.722
1591,60.725
1592,60.936
1593,61.471
1594,58.299
1595,60.612
1596,67.769
1597,58.429
1598,59.488
1599,61.412
1600,57.059
1601,62.136
1602,59.281
1603,62.772
1604,58.339
1605,58.529
1606,60.603
1607,59.504
1608,55.542
1609,58.273
1610,59.298
1611,63.133
1612,61.105
1613,59.249
1614,59.785
1615,58.507
1616,59.622
1617,57.908
1618,63.757
1619,62.366
1620,57.194
1621,59.496
1622,54.807
1623,58.508
1624,56.574
1625,61.999
1626,59.474
1627,61.689
1628,52.299
1629,61.365
1630,58.951
1631,59.728
1632,56.435
1633,58.537
1634,54.018
1635,55.435
1636,54.907
1637,56.712
1638,59.722
1639,57.326
1640,51.854
1641,55.737
1642,55.513
1643,59.186
1644,58.560
1645,56.218
1646,57.194
1647,53.972
1648,60.474
1649,57.903
1650,56.666
1651,56.454
1652,57.265
1653,58.695
1654,57.070
1655,60.425
1656,56.173
1657,59.612
1658,57.985
1659,53.652
1660,60.133
1661,59.056
1662,58.171
1663,57.473
1664,64.948
1665,58.316
1666,54.138
1667,62.144
1668,60.369
1669,58.200
1670,60.193
1671,59.013
1672,57.756
1673,60.069
1674,66.760
1675,57.446
1676,57.953
1677,55.740
1678,63.581
1679,64.299
1680,62.734
1681,57.346
1682,58.100
1683,58.456
1684,59.074
1685,56.910
1686,55.922
1687,55.030
1688,54.394
1689,57.393
1690,53.910
1691,54.262
1692,59.473
1693,55.952
1694,56.644
1695,54.052
1696,57.094
1697,59.517
1698,58.181
1699,58.602
1700,58.792
1701,55.431
1702,56.019
1703,61.119
1704,58.411
1705,59.127
1706,58.127
1707,57.029
1708,57.378
1709,59.801
1710,56.482
1711,56.799
1712,53.396
1713,61.203
1714,58.454
1715,65.818
1716,65.548
1717,64.371
1718,64.444
1719,66.230
1720,68.118
1721,63.427
1722,63.235
1723,64.999
1724,66.232
1725,67.761
1726,64.701
1727,63.360
1728,61.567
1729,61.521
1730,55.561
1731,60.056
1732,64.530
1733,59.347
1734,61.171
1735,58.671
1736,62.780
1737,57.129
1738,61.015
1739,52.415
1740,61.038
1741,55.200
1742,56.362
1743,60.604
1744,55.850
1745,57.943
1746,61.671
1747,61.752
1748,55.805
1749,59.634
1750,55.732
1751,61.562
1752,53.605
1753,54.430
1754,55.454
1755,55.456
1756,55.708
1757,57.512
1758,57.610
1759,54.423
1760,55.996
1761,61.651
1762,59.425
1763,57.517
1764,59.424
1765,62.429
1766,56.674
1767,56.324
1768,55.834
1769,56.502
1770,57.225
1771,58.509
1772,56.627
1773,58.415
1774,58.056
1775,61.033
1776,60.871
1777,61.438
1778,56.191
1779,59.637
1780,55.634
1781,60.539
1782,61.057
1783,61.658
1784,60.309
1785,60.888
1786,59.999
1787,60.396
1788,57.927
1789,60.674
1790,62.350
1791,60.460
1792,55.152
1793,58.714
1794,55.788
1795,58.174
1796,56.050
1797,59.191
1798,57.939
1799,54.194
1800,58.474
1801,58.648
1802,53.551
1803,54.116
1804,62.414
1805,57.671
1806,59.112
1807,57.234
1808,60.590
1809,60.898
1810,57.729
1811,59.085
1812,61.551
1813,59.406
1814,57.581
1815,57.192
1816,57.438
1817,58.158
1818,61.059
1819,57.662
1820,52.051
1821,59.119
1822,59.480
1823,64.230
1824,60.358
1825,63.165
1826,60.641
1827,59.983
1828,61.528
1829,60.757
1830,62.975
1831,64.881
1832,66.173
1833,62.488
1834,62.334
1835,64.068
1836,61.692
1837,67.922
1838,64.526
1839,64.375
1840,66.225
1841,58.897
1842,61.180
1843,66.786
1844,64.754
1845,60.474
1846,58.415
1847,60.339
1848,65.905
1849,60.463
1850,56.656
1851,57.843
1852,61.305
1853,59.041
1854,59.673
1855,55.724
1856,55.941
1857,57.575
1858,60.148
1859,57.392
1860,59.305
1861,58.108
1862,55.489
1863,57.576
1864,53.144
1865,57.122
1866,54.040
1867,57.145
1868,56.414
1869,55.627
1870,61.244
1871,60.756
1872,56.941
1873,59.041
1874,57.791
1875,59.055
1876,58.796
1877,57.186
1878,54.413
1879,56.985
1880,55.456
1881,57.557
1882,56.818
1883,55.223
1884,55.549
1885,56.948
1886,56.194
1887,54.569
1888,63.964
1889,61.108
1890,57.604
1891,55.896
1892,56.581
1893,55.600
1894,52.646
1895,55.724
1896,58.210
1897,59.518
1898,56.410
1899,58.638
1900,58.372
1901,55.812
1902,55.627
1903,58.905
1904,59.507
1905,62.703
1906,62.828
1907,59.228
1908,56.324
1909,58.323
1910,54.797
1911,58.423
1912,56.464
1913,60.223
1914,62.429
1915,55.963
1916,57.843
1917,56.829
1918,60.944
1919,57.577
1920,62.733
1921,61.427
1922,58.855
1923,57.297
1924,53.535
1925,56.993
1926,63.912
1927,61.069
1928,61.151
1929,62.242
1930,59.728
1931,54.671
1932,60.589
1933,59.600
1934,61.310
1935,64.500
1936,58.069
1937,61.004
1938,58.189
1939,64.042
1940,63.403
1941,65.606
1942,66.028
1943,65.083
1944,61.751
1945,63.641
1946,62.700
1947,60.638
1948,61.853
1949,59.494
1950,62.587
1951,60.713
1952,60.141
1953,65.506
1954,57.477
1955,61.469
1956,59.319
1957,54.756
1958,57.368
1959,56.412
1960,59.860
1961,59.997
1962,60.215
1963,54.812
1964,61.847
1965,59.279
1966,59.193
1967,58.901
1968,59.508
1969,56.992
1970,56.088
1971,55.188
1972,59.056
1973,62.609
1974,56.294
1975,58.482
1976,57.249
1977,57.244
1978,55.989
1979,58.287
1980,56.108
1981,59.177
1982,54.979
1983,60.217
1984,59.705
1985,56.607
1986,59.622
1987,55.657
1988,58.018
1989,60.338
1990,58.739
1991,57.799
1992,59.584
1993,57.552
1994,63.342
1995,56.730
1996,61.820
1997,63.676
1998,65.606
1999,62.787
2000,65.855
2001,59.147
2002,57.517
2003,57.379
2004,59.695
2005,59.032
2006,60.791
2007,59.826
2008,60.186
2009,55.760
2010,59.719
2011,56.712
2012,57.465
2013,57.949
2014,59.724
2015,57.872
2016,62.527
2017,60.559
2018,56.824
2019,55.698
2020,58.952
2021,59.556
2022,55.037
2023,60.076
2024,57.079
2025,57.875
2026,56.511
2027,53.504
2028,56.838
2029,56.316
2030,55.791
2031,58.112
2032,56.972
2033,60.015
2034,59.339
2035,58.783
2036,62.290
2037,60.773
2038,57.247
2039,58.468
2040,60.765
2041,57.890
2042,58.080
2043,56.329
2044,57.368
2045,59.914
2046,60.403
2047,57.857
2048,58.809
2049,58.555
2050,60.696
2051,61.378
2052,56.700
2053,57.525
2054,61.136
2055,58.396
2056,63.327
2057,60.458
2058,57.412
2059,54.648
2060,61.672
2061,60.400
2062,61.272
2063,61.042
2064,59.182
2065,57.234
2066,65.241
2067,57.559
2068,62.228
2069,54.508
2070,62.179
2071,68.518
2072,61.393
2073,59.291
2074,58.167
2075,57.152
2076,60.315
2077,57.475
2078,58.926
2079,60.691
2080,58.268
2081,61.647
2082,53.404
2083,52.913
2084,62.941
2085,58.590
2086,61.347
2087,63.574
2088,58.940
2089,62.383
2090,55.975
2091,58.743
2092,60.982
2093,62.573
2094,59.205
2095,62.231
2096,62.860
2097,57.742
2098,63.501
2099,59.512
2100,57.413
2101,56.748
2102,59.968
2103,58.635
2104,57.254
2105,56.711
2106,59.019
2107,55.556
2108,54.772
2109,59.525
2110,59.500
2111,65.310
2112,61.747
2113,59.350
2114,60.375
2115,61.705
2116,57.383
2117,60.868
2118,54.529
2119,57.958
2120,60.511
2121,61.145
2122,60.544
2123,56.959
2124,59.722
2125,67.337
2126,59.642
2127,59.340
2128,56.242
2129,61.269
2130,57.402
2131,59.581
2132,58.579
2133,56.663
2134,56.382
2135,58.688
2136,60.497
2137,56.213
2138,55.779
2139,56.250
2140,57.540
2141,57.850
2142,57.645
2143,57.812
2144,58.169
2145,55.237
2146,55.000
2147,58.670
2148,56.192
2149,55.709
2150,58.970
2151,58.477
2152,56.458
2153,62.461
2154,57.427
2155,55.552
2156,54.643
2157,59.108
2158,57.864
2159,55.968
2160,56.521
2161,60.863
2162,56.811
2163,58.267
2164,54.047
2165,55.583
2166,58.061
2167,53.058
2168,54.852
2169,58.416
2170,55.007
2171,59.888
2172,60.343
2173,58.171
2174,59.252
2175,62.742
2176,57.967
2177,58.642
2178,60.551
2179,52.770
2180,58.067
2181,62.855
2182,56.821
2183,57.852
2184,56.873
2185,55.334
2186,57.670
2187,56.723
2188,56.680
2189,56.460
2190,58.421
2191,57.674
2192,54.960
2193,55.249
2194,61.339
2195,58.672
2196,55.222
2197,60.994
2198,57.249
2199,62.374
2200,58.719
2201,55.434
2202,60.583
2203,58.662
2204,62.167
2205,56.897
2206,58.615
2207,54.895
2208,61.175
2209,57.067
2210,58.362
2211,55.676
2212,61.270
2213,58.199
2214,56.691
2215,63.140
2216,59.575
2217,57.048
2218,55.834
2219,57.924
2220,60.489
2221,59.415
2222,62.268
2223,57.706
2224,58.660
2225,61.280
2226,61.283
2227,55.780
2228,59.444
2229,57.549
2230,59.677
2231,61.748
2232,58.932
2233,57.922
2234,59.231
2235,58.390
2236,62.420
2237,59.689
2238,55.944
2239,59.629
2240,61.544
2241,55.727
2242,57.316
2243,54.825
2244,58.504
2245,57.055
2246,59.225
2247,66.033
2248,60.285
2249,58.614
2250,58.357
2251,58.102
2252,60.148
2253,59.010
2254,57.731
2255,56.175
2256,58.618
2257,61.442
2258,56.901
2259,55.768
2260,58.077
2261,59.758
2262,59.273
2263,60.323
2264,65.018
2265,59.671
2266,59.499
2267,58.865
2268,61.126
2269,62.100
2270,62.432
2271,55.523
2272,56.028
2273,61.708
2274,62.539
2275,59.055
2276,62.232
2277,60.762
2278,61.608
2279,68.172
2280,64.330
2281,67.329
2282,66.133
2283,64.481
2284,66.093
2285,63.261
2286,61.397
2287,66.321
2288,61.416
2289,60.055
2290,64.449
2291,62.123
2292,60.523
2293,60.383
2294,61.230
2295,65.710
2296,63.231
2297,56.714
2298,59.829
2299,56.814
2300,60.816
2301,60.689
2302,56.905
2303,58.915
2304,55.811
2305,62.520
2306,59.686
2307,59.143
2308,62.494
2309,60.984
2310,57.646
2311,55.905
2312,60.297
2313,57.387
2314,60.811
2315,60.547
2316,61.372
2317,55.420
2318,60.699
2319,59.272
2320,57.056
2321,56.343
2322,53.700
2323,57.681
2324,62.606
2325,57.607
2326,62.896
2327,57.376
2328,62.378
2329,58.688
2330,54.766
2331,55.856
2332,62.571
2333,51.844
2334,59.123
2335,58.849
2336,59.426
2337,59.951
2338,58.155
2339,61.135
2340,55.696
2341,59.677
2342,55.484
2343,56.177
2344,58.600
2345,54.155
2346,57.432
2347,59.621
2348,65.249
2349,58.074
2350,55.163
2351,61.552
2352,60.150
2353,63.795
2354,60.842
2355,57.554
2356,57.975
2357,62.239
2358,57.062
2359,59.818
2360,60.984
2361,55.435
2362,62.932
2363,64.669
2364,56.869
2365,63.777
2366,55.007
2367,62.123
2368,61.023
2369,52.719
2370,60.212
2371,58.776
2372,56.722
2373,57.643
2374,62.413
2375,60.348
2376,58.398
2377,61.017
2378,59.882
2379,59.138
2380,61.031
2381,57.588
2382,58.358
2383,58.625
2384,63.010
2385,58.403
2386,60.982
2387,59.076
2388,60.290
2389,61.036
2390,59.904
2391,61.265
2392,66.027
2393,72.717
2394,70.061
2395,65.525
2396,65.299
2397,64.608
2398,73.017
2399,69.410
2400,62.981
2401,62.645
2402,65.429
2403,64.016
2404,65.045
2405,67.544
2406,70.357
2407,65.426
2408,62.477
2409,67.398
2410,64.564
2411,61.710
2412,66.452
2413,60.444
2414,58.978
2415,65.167
2416,63.189
2417,61.247
2418,63.193
2419,58.981
2420,62.445
2421,60.085
2422,56.606
2423,55.883
2424,57.806
2425,57.951
2426,56.660
2427,61.810
2428,59.287
2429,59.127
2430,55.451
2431,60.518
2432,56.569
2433,61.106
2434,60.017
2435,58.124
2436,56.632
2437,60.345
2438,61.416
2439,57.338
2440,53.512
2441,57.097
2442,56.090
2443,57.391
2444,55.571
2445,57.613
2446,57.823
2447,54.844
2448,55.085
2449,56.493
2450,57.838
2451,56.305
2452,58.017
2453,57.491
2454,58.377
2455,59.691
2456,61.907
2457,64.243
2458,57.915
2459,57.542
2460,56.987
2461,55.829
2462,58.696
2463,58.426
2464,64.823
2465,57.757
2466,53.460
2467,57.036
2468,58.984
2469,55.602
2470,56.983
2471,58.117
2472,57.750
2473,56.723
2474,57.448
2475,58.167
2476,58.866
2477,63.988
2478,58.224
2479,59.469
2480,57.634
2481,62.391
2482,57.651
2483,61.345
2484,60.217
2485,56.079
2486,56.527
2487,58.530
2488,59.138
2489,52.875
2490,55.683
2491,59.970
2492,54.714
2493,58.517
2494,52.277
2495,54.852
2496,55.357
2497,56.451
2498,57.426
2499,58.614
2500,56.392
2501,56.654
2502,61.892
2503,59.881
2504,58.411
2505,60.535
2506,60.749
2507,53.249
2508,58.785
2509,58.583
2510,61.636
2511,58.993
2512,55.641
2513,58.894
2514,61.629
2515,61.056
2516,61.645
2517,55.592
2518,61.526
2519,56.621
2520,56.781
2521,57.353
2522,56.825
2523,52.891
2524,55.585
2525,56.349
2526,55.410
2527,54.411
2528,54.570
2529,54.199
2530,58.848
2531,60.010
2532,56.713
2533,55.448
2534,55.669
2535,58.126
2536,56.257
2537,56.392
2538,56.208
2539,56.417
2540,56.042
2541,55.817
2542,56.371
2543,52.588
2544,56.073
2545,56.526
2546,56.720
2547,54.238
2548,60.809
2549,58.751
2550,52.603
2551,56.584
2552,54.445
2553,61.044
2554,55.872
2555,58.027
2556,54.026
2557,58.530
2558,54.003
2559,58.608
2560,58.565
2561,56.982
2562,60.555
2563,56.338
2564,56.734
2565,56.009
2566,60.769
2567,51.511
2568,57.873
2569,54.760
2570,57.765
2571,55.875
2572,55.552
2573,59.509
2574,53.597
2575,59.354
2576,54.334
2577,54.551
2578,57.617
2579,57.305
2580,57.292
2581,57.674
2582,62.208
2583,55.799
2584,55.038
2585,57.666
2586,56.715
2587,58.795
2588,59.230
2589,58.960
2590,57.462
2591,55.801
2592,55.344
2593,58.125
2594,55.761
2595,57.942
2596,61.077
2597,60.391
2598,56.520
2599,60.811
2600,60.578
2601,60.060
2602,56.174
2603,56.722
2604,61.410
2605,55.907
2606,59.780
2607,55.023
2608,57.211
2609,58.265
2610,58.626
2611,59.096
2612,59.951
2613,60.218
2614,59.963
2615,61.673
2616,66.098
2617,68.689
2618,61.679
2619,67.573
2620,66.964
2621,63.577
2622,68.592
2623,64.701
2624,65.542
2625,69.386
2626,66.229
2627,69.482
2628,61.360
2629,59.538
2630,61.001
2631,57.383
2632,60.725
2633,58.270
2634,56.799
2635,61.057
2636,57.762
2637,59.202
2638,60.575
2639,57.869
2640,60.962
2641,57.232
2642,59.259
2643,58.849
2644,59.152
2645,60.218
2646,55.427
2647,54.294
2648,60.326
2649,57.243
2650,51.898
2651,55.415
2652,57.414
2653,62.143
2654,57.087
2655,60.944
2656,55.427
2657,55.761
2658,55.317
2659,59.595
2660,58.446
2661,58.145
2662,57.112
2663,57.440
2664,55.907
2665,54.164
2666,56.637
2667,56.052
2668,60.018
2669,59.830
2670,58.513
2671,56.119
2672,59.500
2673,61.032
2674,57.511
2675,58.133
2676,58.215
2677,55.488
2678,59.381
2679,59.740
2680,54.028
2681,55.484
2682,61.804
2683,57.829
2684,56.717
2685,58.988
2686,56.049
2687,52.835
2688,58.920
2689,58.993
2690,56.248
2691,57.194
2692,55.279
2693,59.871
2694,60.896
2695,63.536
2696,57.578
2697,57.756
2698,54.249
2699,56.359
2700,57.737
2701,57.587
2702,56.036
2703,59.394
2704,57.866
2705,55.935
2706,57.029
2707,55.773
2708,55.881
2709,55.681
2710,57.731
2711,61.224
2712,57.907
2713,54.913
2714,59.157
2715,55.789
2716,57.628
2717,63.777
2718,58.493
2719,59.749
2720,55.518
2721,55.580
2722,59.842
2723,56.395
2724,59.090
2725,56.608
2726,56.720
2727,60.583
2728,63.263
2729,61.321
2730,58.923
2731,55.144
2732,63.919
2733,66.536
2734,68.742
2735,61.095
2736,58.297
2737,60.185
2738,57.259
2739,55.667
2740,60.218
2741,59.711
2742,60.647
2743,57.059
2744,53.758
2745,61.134
2746,60.499
2747,57.927
2748,58.969
2749,58.951
2750,59.595
2751,57.079
2752,63.393
2753,56.276
2754,61.882
2755,59.290
2756,60.598
2757,59.825
2758,59.941
2759,50.979
2760,58.294
2761,58.344
2762,58.800
2763,62.671
2764,58.142
2765,59.039
2766,58.100
2767,58.809
2768,54.670
2769,58.952
2770,58.064
2771,56.801
2772,55.791
2773,56.692
2774,58.171
2775,57.951
2776,57.078
2777,58.200
2778,59.600
2779,56.740
2780,52.074
2781,58.545
2782,58.866
2783,60.265
2784,54.243
2785,57.117
2786,53.384
2787,57.897
2788,58.864
2789,58.954
2790,55.083
2791,59.800
2792,57.010
2793,61.685
2794,58.052
2795,57.475
2796,60.176
2797,57.474
2798,56.866
2799,59.386
2800,57.805
2801,57.863
2802,54.376
2803,53.012
2804,56.882
2805,57.292
2806,56.030
2807,53.545
2808,55.690
2809,56.219
2810,58.165
2811,57.339
2812,58.859
2813,56.701
2814,56.018
2815,56.876
2816,56.853
2817,56.415
2818,56.090
2819,57.346
2820,57.127
2821,58.423
2822,59.682
2823,63.943
2824,56.744
2825,57.488
2826,57.210
2827,59.295
2828,58.849
2829,53.837
2830,55.185
2831,58.395
2832,57.124
2833,59.126
2834,55.385
2835,65.388
2836,59.613
2837,58.267
2838,62.762
2839,61.165
2840,67.481
2841,61.088
2842,62.026
2843,63.381
2844,60.163
2845,60.151
2846,64.106
2847,67.688
2848,60.834
2849,61.535
2850,61.152
2851,58.092
2852,60.896
2853,59.018
2854,58.525
2855,65.994
2856,75.412
2857,73.247
2858,78.689
2859,73.643
2860,71.295
2861,65.698
2862,63.340
2863,63.342
2864,61.681
2865,58.180
2866,62.907
2867,66.643
2868,69.996
2869,65.890
2870,61.991
2871,66.012
2872,63.490
2873,64.166
2874,60.961
2875,60.257
2876,57.364
2877,58.190
2878,54.825
2879,60.240
2880,61.140
2881,62.492
2882,59.989
2883,60.823
2884,56.894
2885,52.807
2886,55.698
2887,56.783
2888,56.850
2889,59.375
2890,57.537
2891,55.074
2892,60.312
2893,60.720
2894,56.810
2895,60.270
2896,58.725
2897,59.859
2898,55.117
2899,57.078
2900,55.249
2901,58.037
2902,56.374
2903,60.167
2904,59.715
2905,57.020
2906,60.936
2907,62.039
2908,53.688
2909,59.480
2910,56.933
2911,56.613
2912,61.800
2913,56.482
2914,59.513
2915,54.613
2916,56.898
2917,59.204
2918,59.307
2919,58.814
2920,60.498
2921,56.839
2922,60.067
2923,55.302
2924,57.133
2925,60.623
2926,62.359
2927,56.643
2928,57.343
2929,54.997
2930,54.343
2931,59.279
2932,59.042
2933,60.579
2934,59.778
2935,61.329
2936,56.733
2937,59.080
2938,55.952
2939,58.824
2940,63.772
2941,61.345
2942,59.609
2943,57.802
2944,58.410
2945,59.991
2946,58.754
2947,59.190
2948,61.282
2949,57.292
2950,64.539
2951,62.683
2952,61.365
2953,61.054
2954,62.568
2955,60.098
2956,66.146
2957,60.627
2958,58.177
2959,62.493
2960,61.106
2961,61.651
2962,65.185
2963,63.797
2964,54.886
2965,56.800
2966,63.121
2967,59.108
2968,61.602
2969,54.544
2970,56.771
2971,57.225
2972,62.106
2973,60.511
2974,58.054
2975,58.873
2976,57.025
2977,59.210
2978,60.296
2979,56.585
2980,59.672
2981,63.054
2982,58.483
2983,57.603
2984,57.637
2985,57.087
2986,53.483
2987,56.348
2988,62.263
2989,56.671
2990,57.036
2991,57.998
2992,57.890
2993,55.453
2994,58.727
2995,59.782
2996,57.244
2997,58.119
2998,59.891
2999,53.584
3000,62.731
3001,60.606
3002,56.100
3003,59.086
3004,60.987
3005,59.175
3006,57.663
3007,60.456
3008,58.295
3009,54.845
3010,58.358
3011,58.527
3012,62.202
3013,62.233
3014,60.605
3015,59.921
3016,59.510
3017,57.009
3018,53.402
3019,57.413
3020,60.065
3021,54.054
3022,57.897
3023,60.551
3024,60.926
3025,62.820
3026,61.071
3027,57.315
3028,58.612
3029,59.783
3030,58.720
3031,60.074
3032,63.320
3033,59.955
3034,57.558
3035,59.914
3036,57.412
3037,60.432
3038,57.374
3039,57.998
3040,59.588
3041,61.055
3042,51.731
3043,59.059
3044,63.280
3045,63.608
3046,59.682
3047,59.792
3048,58.603
3049,63.847
3050,61.324
3051,61.513
3052,61.660
3053,55.821
3054,60.009
3055,57.708
3056,56.036
3057,59.452
3058,61.469
3059,65.516
3060,67.536
3061,73.708
3062,73.508
3063,66.011
3064,73.872
3065,70.666
3066,76.189
3067,67.674
3068,68.152
3069,68.204
3070,73.268
3071,69.501
3072,66.778
3073,63.080
3074,67.769
3075,60.155
3076,68.058
3077,61.453
3078,63.020
3079,62.667
3080,60.910
3081,57.945
3082,57.980
3083,60.681
3084,58.941
3085,65.346
3086,58.195
3087,61.416
3088,60.790
3089,59.079
3090,63.513
3091,62.863
3092,61.939
3093,58.537
3094,59.481
3095,57.919
3096,60.166
3097,59.573
3098,57.199
3099,60.316
3100,58.846
3101,63.318
3102,57.189
3103,58.961
3104,57.330
3105,53.282
3106,59.163
3107,59.124
3108,57.802
3109,58.509
3110,60.968
3111,55.536
3112,55.981
3113,60.837
3114,57.673
3115,59.247
3116,60.114
3117,57.738
3118,56.363
3119,57.162
3120,61.161
3121,57.670
3122,60.078
3123,57.599
3124,55.061
3125,57.959
3126,59.525
3127,58.327
3128,53.607
3129,62.012
3130,63.435
3131,58.962
3132,58.846
3133,57.833
3134,58.307
3135,60.922
3136,58.913
3137,67.482
3138,58.334
3139,60.885
3140,56.858
3141,58.384
3142,58.292
3143,58.815
3144,60.907
3145,57.301
3146,60.470
3147,55.739
3148,53.983
3149,55.224
3150,54.334
3151,57.667
3152,62.770
3153,58.721
3154,53.288
3155,56.350
3156,58.945
3157,54.441
3158,60.089
3159,58.502
3160,62.190
3161,61.067
3162,56.467
3163,60.490
3164,57.529
3165,56.562
3166,56.477
3167,57.539
3168,58.701
3169,56.125
3170,56.434
3171,63.171
3172,58.627
3173,62.094
3174,61.095
3175,60.810
3176,61.631
3177,61.181
3178,66.533
3179,62.600
3180,64.388
3181,59.243
3182,60.898
3183,62.740
3184,64.837
3185,62.166
3186,61.825
3187,60.548
3188,61.310
3189,62.137
3190,65.738
3191,62.518
3192,56.898
3193,62.129
3194,60.291
3195,58.600
3196,61.526
3197,62.161
3198,57.998
3199,57.449
3200,59.598
3201,60.850
3202,61.146
3203,60.311
3204,59.451
3205,61.203
3206,60.478
3207,58.568
3208,57.456
3209,62.557
3210,60.814
3211,59.012
3212,59.432
3213,60.068
3214,61.564
3215,55.352
3216,64.943
3217,58.023
3218,56.879
3219,53.786
3220,58.398
3221,54.672
3222,57.677
3223,58.352
3224,65.467
3225,62.025
3226,59.703
3227,64.004
3228,63.089
3229,58.867
3230,58.017
3231,56.308
3232,59.935
3233,60.842
3234,59.377
3235,59.383
3236,59.912
3237,57.842
3238,57.260
3239,56.298
3240,60.845
3241,60.479
3242,60.367
3243,62.616
3244,57.060
3245,59.115
3246,56.318
3247,58.738
3248,59.511
3249,62.470
3250,59.100
3251,58.203
3252,59.406
3253,54.741
3254,58.935
3255,58.346
3256,61.633
3257,58.445
3258,58.294
3259,57.278
3260,56.786
3261,62.013
3262,58.530
3263,59.318
3264,59.473
3265,63.287
3266,57.992
3267,63.067
3268,50.781
3269,54.991
3270,58.304
3271,60.032
3272,61.833
3273,56.210
3274,60.329
3275,60.842
3276,55.223
3277,58.589
3278,60.860
3279,55.275
3280,57.479
3281,62.001
3282,54.738
3283,62.413
3284,59.932
3285,64.665
3286,59.256
3287,60.654
3288,62.022
3289,60.114
3290,61.595
3291,58.602
3292,62.940
3293,61.330
3294,65.656
3295,61.600
3296,67.170
3297,63.751
3298,68.124
3299,61.994
3300,62.594
3301,56.347
3302,62.102
3303,58.544
3304,58.713
3305,60.278
3306,63.530
3307,63.358
3308,61.458
3309,63.340
3310,59.602
3311,55.013
3312,59.172
3313,57.915
3314,61.222
3315,59.981
3316,59.011
3317,61.963
3318,58.661
3319,60.715
3320,55.577
3321,60.556
3322,57.222
3323,62.621
3324,60.862
3325,61.050
3326,61.162
3327,60.689
3328,57.247
3329,59.718
3330,57.267
3331,57.419
3332,64.652
3333,57.154
3334,61.464
3335,61.528
3336,57.173
3337,58.807
3338,58.439
3339,66.557
3340,60.166
3341,59.872
3342,60.970
3343,61.706
3344,54.892
3345,58.710
3346,63.846
3347,60.903
3348,63.433
3349,62.093
3350,69.275
3351,62.788
3352,61.868
3353,59.568
3354,57.202
3355,62.997
3356,62.186
3357,61.573
3358,65.673
3359,62.126
3360,58.805
3361,64.276
3362,64.069
3363,56.831
3364,58.416
3365,60.791
3366,64.276
3367,61.499
3368,61.479
3369,63.331
3370,63.854
3371,56.721
3372,55.211
3373,60.449
3374,61.473
3375,64.135
3376,58.460
3377,61.679
3378,61.860
3379,61.025
3380,57.372
3381,56.990
3382,59.786
3383,58.421
3384,57.049
3385,64.174
3386,59.779
3387,59.188
3388,61.179
3389,67.954
3390,70.164
3391,72.554
3392,71.613
3393,63.717
3394,62.568
3395,70.885
3396,65.596
3397,61.510
3398,69.950
3399,60.710
3400,66.629
3401,67.398
3402,61.462
3403,60.811
3404,64.935
3405,61.501
3406,66.190
3407,61.673
3408,62.441
3409,61.381
3410,64.031
3411,58.714
3412,61.862
3413,65.349
3414,64.297
3415,62.814
3416,62.573
3417,64.631
3418,60.444
3419,60.443
3420,56.724
3421,61.827
3422,61.474
3423,59.017
3424,55.098
3425,63.433
3426,59.894
3427,60.798
3428,60.012
3429,60.617
3430,56.349
3431,57.919
3432,58.162
3433,58.545
3434,61.381
3435,56.071
3436,62.041
3437,56.445
3438,56.594
3439,58.354
3440,63.521
3441,58.347
3442,55.510
3443,60.391
3444,55.690
3445,57.721
3446,62.182
3447,57.366
3448,57.530
3449,54.240
3450,59.446
3451,60.256
3452,59.915
3453,57.248
3454,57.320
3455,63.552
3456,60.421
3457,55.779
3458,55.926
3459,59.127
3460,57.867
3461,59.391
3462,55.051
3463,59.884
3464,59.000
3465,63.842
3466,59.482
3467,58.968
3468,57.977
3469,58.689
3470,58.292
3471,56.448
3472,59.530
3473,62.750
3474,59.073
3475,58.528
3476,59.829
3477,57.217
3478,60.037
3479,55.939
3480,54.460
3481,55.287
3482,59.594
3483,58.349
3484,59.577
3485,59.554
3486,57.336
3487,58.527
3488,64.896
3489,61.943
3490,63.109
3491,60.335
3492,65.420
3493,61.219
3494,59.616
3495,59.924
3496,61.772
3497,61.314
3498,58.778
3499,53.382
3500,59.285
3501,55.816
3502,59.852
3503,58.231
3504,54.470
3505,56.069
3506,55.444
3507,55.205
3508,58.414
3509,58.316
3510,63.876
3511,57.004
3512,60.673
3513,63.339
3514,60.609
3515,60.742
3516,55.763
3517,58.054
3518,56.665
3519,59.622
3520,58.923
3521,60.919
3522,61.920
3523,62.590
3524,60.186
3525,58.047
3526,58.041
3527,58.529
3528,60.243
3529,58.618
3530,64.179
3531,68.690
3532,70.613
3533,75.446
3534,75.084
3535,70.020
3536,69.145
3537,72.989
3538,71.628
3539,69.127
3540,64.395
3541,71.416
3542,62.406
3543,63.691
3544,64.821
3545,63.301
3546,72.903
3547,64.006
3548,65.688
3549,65.802
3550,67.817
3551,65.061
3552,61.117
3553,61.566
3554,57.763
3555,67.050
3556,58.162
3557,59.931
3558,60.011
3559,63.260
3560,63.436
3561,60.097
3562,61.587
3563,58.328
3564,64.692
3565,63.917
3566,61.228
3567,59.012
3568,61.037
3569,59.677
3570,61.828
3571,58.892
3572,58.942
3573,61.478
3574,64.143
3575,67.151
3576,58.395
3577,63.247
3578,60.407
3579,58.709
3580,66.494
3581,61.625
3582,60.301
3583,58.323
3584,55.924
3585,59.133
3586,57.013
3587,54.743
3588,62.196
3589,58.934
3590,58.237
3591,59.799
3592,61.525
3593,57.679
3594,58.756
3595,57.742
3596,60.388
3597,58.814
3598,61.102
3599,58.017
3600,55.596
3601,59.842
3602,62.384
3603,63.291
3604,58.732
3605,57.319
3606,61.290
3607,57.520
3608,58.075
3609,56.820
3610,57.679
3611,56.195
3612,62.730
3613,57.421
3614,55.465
3615,64.487
3616,59.155
3617,58.477
3618,61.621
3619,58.746
3620,56.209
3621,56.642
3622,61.386
3623,63.038
3624,61.701
3625,62.626
3626,61.033
3627,61.810
3628,59.838
3629,61.541
3630,61.619
3631,59.352
3632,61.042
3633,63.741
3634,64.494
3635,63.843
3636,64.203
3637,60.237
3638,61.459
3639,59.090
3640,63.010
3641,62.094
3642,55.814
3643,58.400
3644,60.920
3645,64.287
3646,56.665
3647,60.704
3648,57.593
3649,57.463
3650,58.798
3651,57.278
3652,62.263
3653,57.588
3654,58.647
3655,60.427
3656,57.788
3657,53.075
3658,52.475
3659,55.378
3660,62.480
3661,57.690
3662,56.323
3663,57.542
3664,61.460
3665,58.953
3666,60.565
3667,57.607
3668,56.526
3669,57.825
3670,61.352
3671,57.494
3672,62.151
3673,62.318
3674,54.682
3675,56.599
3676,56.420
3677,62.552
3678,61.800
3679,58.232
3680,57.529
3681,58.778
3682,57.876
3683,59.224
3684,63.653
3685,61.531
3686,66.112
3687,62.850
3688,57.535
3689,57.450
3690,58.455
3691,56.004
3692,63.662
3693,56.458
3694,61.541
3695,57.194
3696,58.655
3697,57.548
3698,61.835
3699,58.003
3700,57.225
3701,55.633
3702,54.401
3703,58.521
3704,58.217
3705,69.672
3706,68.732
3707,73.019
3708,68.557
3709,67.980
3710,69.950
3711,64.105
3712,66.294
3713,59.817
3714,63.208
3715,62.234
3716,68.910
3717,60.873
3718,59.401
3719,61.938
3720,60.783
3721,61.311
3722,62.821
3723,58.472
3724,60.454
3725,60.554
3726,62.913
3727,65.137
3728,63.533
3729,57.903
3730,64.667
3731,61.843
3732,63.805
3733,58.565
3734,67.592
3735,61.519
3736,66.395
3737,64.612
3738,66.309
3739,64.252
3740,60.825
3741,61.234
3742,61.562
3743,69.444
3744,65.666
3745,72.411
3746,66.029
3747,64.253
3748,64.883
3749,62.105
3750,69.567
3751,68.423
3752,61.162
3753,64.071
3754,64.731
3755,63.581
3756,63.908
3757,68.456
3758,65.970
3759,66.038
3760,59.913
3761,58.939
3762,63.131
3763,61.633
3764,62.339
3765,61.735
3766,61.664
3767,59.938
3768,62.238
3769,63.683
3770,62.770
3771,56.953
3772,63.763
3773,60.631
3774,59.247
3775,58.488
3776,60.256
3777,60.404
3778,60.714
3779,60.406
3780,62.044
3781,60.839
3782,56.040
3783,59.244
3784,58.857
3785,58.338
3786,57.193
3787,55.512
3788,55.009
3789,64.128
3790,57.436
3791,55.477
3792,60.705
3793,54.845
3794,59.635
3795,61.395
3796,56.012
3797,61.766
3798,55.033
3799,62.525
3800,53.814
3801,58.546
3802,58.648
3803,56.693
3804,57.826
3805,57.030
3806,60.878
3807,63.118
3808,54.334
3809,56.746
3810,56.449
3811,55.092
3812,56.078
3813,54.597
3814,54.416
3815,55.959
3816,57.798
3817,60.516
3818,60.802
3819,54.677
3820,56.552
3821,56.334
3822,57.461
3823,58.938
3824,54.458
3825,56.775
3826,62.442
3827,56.060
3828,57.946
3829,58.465
3830,56.075
3831,61.597
3832,58.785
3833,60.225
3834,55.309
3835,57.828
3836,60.142
3837,59.775
3838,58.353
3839,55.879
3840,57.529
3841,57.762
3842,55.734
3843,56.549
3844,57.176
3845,58.064
3846,66.823
3847,62.065
3848,62.238
3849,58.232
3850,56.015
3851,56.694
3852,55.847
3853,58.958
3854,57.270
3855,57.756
3856,60.036
3857,57.715
3858,60.586
3859,61.200
3860,60.262
3861,60.124
3862,59.996
3863,57.617
3864,62.452
3865,66.038
3866,76.521
3867,71.377
3868,63.241
3869,64.856
3870,62.199
3871,62.137
3872,63.717
3873,62.415
3874,60.800
3875,64.250
3876,66.327
3877,61.263
3878,57.421
3879,64.013
3880,61.410
3881,58.761
3882,55.328
3883,64.489
3884,59.240
3885,55.837
3886,60.027
3887,60.599
3888,59.595
3889,60.676
3890,56.276
3891,56.205
3892,61.893
3893,59.346
3894,58.208
3895,57.079
3896,51.656
3897,60.112
3898,57.377
3899,60.018
3900,59.023
3901,56.286
3902,62.751
3903,54.692
3904,59.033
3905,59.108
3906,62.075
3907,58.956
3908,58.228
3909,56.875
3910,55.613
3911,59.329
3912,57.655
3913,59.529
3914,58.039
3915,57.078
3916,54.602
3917,58.349
3918,59.739
3919,61.298
3920,60.233
3921,62.113
3922,55.921
3923,57.251
3924,56.098
3925,57.997
3926,54.100
3927,52.177
3928,57.199
3929,59.554
3930,55.483
3931,51.176
3932,58.560
3933,56.387
3934,56.253
3935,55.985
3936,56.951
3937,58.294
3938,59.888
3939,55.825
3940,58.050
3941,62.219
3942,59.086
3943,56.542
3944,60.143
3945,57.836
3946,55.727
3947,54.175
3948,57.064
3949,56.429
3950,55.821
3951,56.754
3952,57.456
3953,55.454
3954,54.350
3955,53.594
3956,59.352
3957,54.681
3958,62.396
3959,59.795
3960,56.069
3961,62.177
3962,63.141
3963,67.353
3964,66.221
3965,60.198
3966,63.379
3967,59.693
3968,61.985
3969,62.061
3970,63.044
3971,62.990
3972,61.711
3973,62.027
3974,61.433
3975,61.010
3976,61.273
3977,59.155
3978,62.854
3979,63.073
3980,66.202
3981,57.693
3982,55.017
3983,61.842
3984,54.738
3985,61.382
3986,54.773
3987,59.087
3988,53.971
3989,58.407
3990,55.884
3991,59.548
3992,53.442
3993,56.326
3994,59.535
3995,59.316
3996,58.407
3997,53.725
3998,56.517
3999,55.786
4000,55.299
4001,57.272
4002,57.432
4003,54.450
4004,55.125
4005,58.695
4006,56.925
4007,61.475
4008,55.525
4009,58.503
4010,58.112
4011,55.588
4012,54.170
4013,59.164
4014,54.689
4015,60.607
4016,60.715
4017,58.241
4018,63.106
4019,57.217
4020,58.222
4021,58.124
4022,59.308
4023,59.590
4024,63.087
4025,59.206
4026,60.756
4027,56.686
4028,63.424
4029,70.182
4030,66.940
4031,65.201
4032,69.328
4033,55.711
4034,63.686
4035,57.454
4036,53.229
4037,55.214
4038,57.982
4039,57.587
4040,58.692
4041,57.767
4042,57.596
4043,57.786
4044,58.172
4045,55.490
4046,55.942
4047,52.468
4048,55.140
4049,54.133
4050,57.421
4051,55.249
4052,58.113
4053,59.147
4054,55.742
4055,53.780
4056,53.220
4057,58.206
4058,62.261
4059,60.967
4060,56.952
4061,63.161
4062,60.057
4063,58.778
4064,62.261
4065,61.203
4066,61.205
4067,61.398
4068,57.982
4069,59.550
4070,61.531
4071,61.285
4072,58.294
4073,59.894
4074,69.958
4075,63.208
4076,63.134
4077,66.847
4078,60.146
4079,58.506
4080,64.487
4081,61.746
4082,61.874
4083,61.035
4084,61.069
4085,59.729
4086,60.029
4087,53.415
4088,56.824
4089,55.674
4090,57.353
4091,61.673
4092,56.951
4093,57.243
4094,59.136
4095,55.776
4096,56.095
4097,57.346
4098,60.116
4099,59.864
4100,59.275
4101,56.199
4102,54.169
4103,58.694
4104,53.683
4105,56.723
4106,59.513
4107,55.609
4108,51.946
4109,56.862
4110,57.879
4111,57.300
4112,53.395
4113,56.115
4114,58.314
4115,57.796
4116,57.286
4117,62.333
4118,54.739
4119,54.297
4120,59.200
4121,54.540
4122,60.228
4123,55.617
4124,54.018
4125,56.086
4126,57.998
4127,58.412
4128,56.518
4129,54.403
4130,61.494
4131,60.270
4132,63.198
4133,68.193
4134,67.167
4135,67.698
4136,59.820
4137,63.912
4138,58.665
4139,61.997
4140,63.641
4141,63.544
4142,59.546
4143,60.188
4144,62.121
4145,57.565
4146,60.471
4147,56.436
4148,61.727
4149,62.166
4150,60.709
4151,58.977
4152,54.925
4153,54.144
4154,57.237
4155,55.767
4156,58.680
4157,58.125
4158,56.078
4159,55.211
4160,59.785
4161,54.307
4162,58.427
4163,58.714
4164,52.228
4165,52.273
4166,58.872
4167,59.555
4168,58.395
4169,56.997
4170,53.015
4171,61.400
4172,56.583
4173,55.228
4174,57.358
4175,56.506
4176,59.054
4177,58.013
4178,57.200
4179,66.839
4180,58.656
4181,58.679
4182,60.922
4183,56.415
4184,62.369
4185,61.257
4186,59.905
4187,58.881
4188,62.413
4189,61.805
4190,57.010
4191,57.901
4192,58.086
4193,59.424
4194,60.150
4195,59.700
4196,58.405
4197,62.936
4198,54.943
4199,57.204
4200,56.453
4201,60.867
4202,64.373
4203,66.805
4204,65.992
4205,64.414
4206,70.117
4207,64.935
4208,64.542
4209,60.831
4210,67.333
4211,59.404
4212,63.060
4213,58.914
4214,64.556
4215,52.113
4216,59.030
4217,58.812
4218,59.283
4219,59.733
4220,59.367
4221,56.934
4222,59.294
4223,54.780
4224,58.642
4225,54.241
4226,54.914
4227,59.210
4228,58.492
4229,59.856
4230,53.967
4231,54.732
4232,54.621
4233,58.188
4234,54.344
4235,56.448
4236,56.458
4237,61.972
4238,54.906
4239,57.460
4240,57.107
4241,56.560
4242,58.413
4243,56.884
4244,54.628
4245,55.173
4246,53.934
4247,60.145
4248,58.515
4249,54.151
4250,57.522
4251,55.536
4252,56.403
4253,55.023
4254,55.905
4255,55.339
4256,58.876
4257,58.425
4258,57.477
4259,62.882
4260,55.294
4261,56.015
4262,56.068
4263,53.449
4264,57.907
4265,57.843
4266,55.218
4267,56.153
4268,52.905
4269,60.083
4270,54.732
4271,56.750
4272,60.754
4273,56.011
4274,53.994
4275,55.372
4276,54.137
4277,53.894
4278,52.059
4279,53.867
4280,54.632
4281,56.342
4282,54.656
4283,56.412
4284,62.308
4285,53.968
4286,51.444
4287,55.942
4288,56.723
4289,57.050
4290,54.590
4291,55.565
4292,55.366
4293,55.155
4294,53.671
4295,58.684
4296,55.056
4297,53.219
4298,55.724
4299,55.545
4300,57.650
4301,52.020
4302,57.494
4303,56.334
4304,57.708
4305,57.496
4306,56.160
4307,59.706
4308,58.931
4309,58.888
4310,58.070
4311,55.662
4312,54.180
4313,56.137
4314,55.626
4315,57.499
4316,50.196
4317,58.419
4318,58.830
4319,60.086
4320,53.448
4321,53.949
4322,55.869
4323,55.435
4324,58.503
4325,54.667
4326,54.497
4327,58.390
4328,59.316
4329,53.643
4330,55.416
4331,52.912
4332,53.144
4333,53.094
4334,55.808
4335,56.977
4336,59.600
4337,57.426
4338,58.566
4339,57.353
4340,54.373
4341,54.142
4342,56.626
4343,54.622
4344,57.391
4345,54.965
4346,54.382
4347,59.128
4348,56.998
4349,57.690
4350,58.643
4351,59.344
4352,59.969
4353,57.740
4354,61.089
4355,57.842
4356,58.993
4357,58.958
4358,58.192
4359,56.028
4360,58.147
4361,54.685
4362,58.377
4363,56.542
4364,57.462
4365,56.002
4366,59.431
4367,55.730
4368,58.426
4369,56.616
4370,56.799
4371,55.213
4372,58.800
4373,58.251
4374,53.882
4375,54.473
4376,58.935
4377,54.176
4378,54.259
4379,52.978
4380,55.811
4381,52.312
4382,53.243
4383,57.828
4384,56.618
4385,58.280
4386,54.863
4387,60.517
4388,55.962
4389,56.119
4390,52.682
4391,52.892
4392,57.315
4393,59.517
4394,58.942
4395,57.328
4396,61.317
4397,54.157
4398,52.983
4399,55.451
4400,56.815
4401,56.003
4402,57.882
4403,57.306
4404,61.940
4405,58.884
4406,59.786
4407,60.536
4408,60.641
4409,60.093
4410,61.339
4411,56.598
4412,61.681
4413,62.717
4414,60.414
4415,58.311
4416,61.599
4417,59.249
4418,55.965
4419,56.905
4420,57.004
4421,56.454
4422,57.908
4423,56.331
4424,54.702
4425,53.747
4426,55.084
4427,60.164
4428,57.605
4429,55.299
4430,56.385
4431,53.974
4432,55.633
4433,56.385
4434,55.503
4435,55.256
4436,54.578
4437,53.241
4438,56.385
4439,54.076
4440,58.185
4441,52.536
4442,56.135
4443,57.093
4444,52.663
4445,49.672
4446,51.859
4447,53.902
4448,54.695
4449,56.376
4450,53.501
4451,57.142
4452,55.963
4453,53.208
4454,52.615
4455,55.097
4456,58.629
4457,53.395
4458,52.695
4459,55.031
4460,55.121
4461,54.068
4462,56.972
4463,54.258
4464,52.669
4465,55.800
4466,54.785
4467,55.655
4468,54.458
4469,57.080
4470,56.291
4471,56.038
4472,55.882
4473,55.016
4474,54.062
4475,58.117
4476,54.346
4477,54.157
4478,55.213
4479,54.838
4480,55.723
4481,54.542
4482,50.387
4483,54.167
4484,51.988
4485,52.800
4486,54.083
4487,53.682
4488,52.030
4489,51.667
4490,51.778
4491,55.081
4492,54.664
4493,56.153
4494,52.567
4495,53.117
4496,53.661
4497,54.923
4498,55.982
4499,52.894
4500,51.334
4501,53.843
4502,57.446
4503,51.157
4504,56.493
4505,57.467
4506,54.771
4507,52.340
4508,54.926
4509,57.180
4510,59.257
4511,56.276
4512,55.532
4513,50.770
4514,55.445
4515,54.251
4516,57.587
4517,57.770
4518,57.404
4519,61.689
4520,59.400
4521,58.331
4522,64.522
4523,58.287
4524,58.154
4525,61.488
4526,58.746
4527,58.519
4528,59.266
4529,54.279
4530,58.704
4531,63.433
4532,54.289
4533,60.051
4534,53.180
4535,52.445
4536,54.105
4537,55.256
4538,57.064
4539,57.815
4540,53.119
4541,55.470
4542,58.083
4543,56.259
4544,55.464
4545,57.102
4546,56.354
4547,55.729
4548,53.291
4549,53.280
4550,56.525
4551,56.712
4552,58.631
4553,55.235
4554,53.577
4555,56.883
4556,55.734
4557,53.960
4558,52.814
4559,54.114
4560,55.911
4561,52.439
4562,56.800
4563,56.217
4564,56.163
4565,52.472
4566,52.224
4567,53.133
4568,54.189
4569,54.449
4570,51.835
4571,56.012
4572,55.536
4573,55.208
4574,54.258
4575,54.241
4576,57.095
4577,54.666
4578,58.078
4579,53.967
4580,55.105
4581,55.473
4582,54.508
4583,52.535
4584,53.557
4585,52.532
4586,51.065
4587,54.604
4588,56.900
4589,55.231
4590,55.060
4591,53.346
4592,55.544
4593,54.354
4594,53.631
4595,50.753
4596,53.607
4597,51.209
4598,54.177
4599,50.850
4600,51.467
4601,57.895
4602,54.337
4603,53.096
4604,52.316
4605,51.528
4606,54.242
4607,51.160
4608,53.377
4609,53.440
4610,51.958
4611,52.493
4612,51.972
4613,55.192
4614,52.117
4615,54.342
4616,56.559
4617,52.874
4618,54.954
4619,56.408
4620,51.315
4621,50.083
4622,53.874
4623,54.353
4624,52.831
4625,54.366
4626,54.689
4627,53.277
4628,56.676
4629,47.864
4630,53.744
4631,56.441
4632,55.623
4633,57.107
4634,52.176
4635,54.331
4636,57.105
4637,55.382
4638,56.787
4639,54.724
4640,54.938
4641,52.561
4642,56.008
4643,56.029
4644,54.086
4645,52.799
4646,52.188
4647,55.240
4648,56.407
4649,53.963
4650,56.494
4651,52.363
4652,56.443
4653,50.906
4654,53.214
4655,52.289
4656,54.316
4657,52.900
4658,51.587
4659,52.768
4660,51.479
4661,55.134
4662,50.792
4663,53.925
4664,51.773
4665,52.499
4666,50.644
4667,53.248
4668,50.331
4669,54.579
4670,53.118
4671,54.670
4672,51.615
4673,51.378
4674,55.278
4675,55.791
4676,55.039
4677,54.512
4678,52.020
4679,54.131
4680,50.731
4681,54.733
4682,54.224
4683,51.782
4684,53.902
4685,59.104
4686,53.500
4687,63.896
4688,63.502
4689,58.016
4690,59.537
4691,63.402
4692,60.408
4693,53.194
4694,57.413
4695,55.229
4696,55.576
4697,53.411
4698,54.395
4699,55.932
4700,53.756
4701,52.631
4702,51.722
4703,54.292
4704,49.422
4705,55.651
4706,51.305
4707,51.386
4708,51.775
4709,52.179
4710,51.087
4711,50.547
4712,52.089
4713,54.401
4714,51.485
4715,52.502
4716,53.637
4717,50.363
4718,49.618
4719,50.557
4720,54.230
4721,52.589
4722,53.451
4723,50.871
4724,51.662
4725,49.874
4726,52.009
4727,51.616
4728,50.092
4729,53.974
4730,51.667
4731,55.349
4732,55.002
4733,50.521
4734,55.750
4735,49.609
4736,52.445
4737,51.727
4738,51.036
4739,54.249
4740,54.640
4741,54.634
4742,49.561
4743,53.856
4744,50.683
4745,52.460
4746,51.018
4747,53.148
4748,50.147
4749,49.971
4750,50.801
4751,50.449
4752,51.597
4753,54.081
4754,57.092
4755,57.577
4756,58.478
4757,60.280
4758,58.723
4759,57.968
4760,55.631
4761,54.685
4762,54.652
4763,55.085
4764,54.599
4765,56.621
4766,56.586
4767,51.633
4768,49.483
4769,53.156
4770,53.473
4771,50.406
4772,55.424
4773,52.502
4774,54.681
4775,53.854
4776,54.905
4777,54.020
4778,53.251
4779,52.113
4780,56.831
4781,48.352
4782,53.725
4783,49.169
4784,51.544
4785,52.838
4786,53.441
4787,52.311
4788,52.009
4789,53.171
4790,50.493
4791,48.720
4792,51.941
4793,49.783
4794,50.239
4795,54.609
4796,49.752
4797,49.041
4798,52.246
4799,52.594
4800,56.015
4801,49.003
4802,51.560
4803,51.165
4804,54.208
4805,54.810
4806,55.542
4807,54.541
4808,52.815
4809,49.994
4810,51.012
4811,55.003
4812,50.201
4813,52.107
4814,52.181
4815,53.190
4816,53.509
4817,55.098
4818,51.650
4819,54.477
4820,52.012
4821,48.951
4822,53.512
4823,51.181
4824,51.007
4825,51.778
4826,50.117
4827,52.661
4828,50.206
4829,50.089
4830,51.796
4831,48.070
4832,49.064
4833,52.676
4834,51.593
4835,51.440
4836,49.141
4837,50.955
4838,52.901
4839,51.503
4840,50.324
4841,48.654
4842,51.326
4843,53.577
4844,51.952
4845,52.354
4846,51.874
4847,51.490
4848,52.135
4849,50.412
4850,50.464
4851,49.824
4852,49.037
4853,51.854
4854,53.859
4855,55.815
4856,51.837
4857,51.523
4858,52.422
4859,52.174
4860,48.198
4861,51.392
4862,54.295
4863,51.027
4864,49.997
4865,49.817
4866,49.667
4867,54.027
4868,51.220
4869,49.717
4870,48.041
4871,57.702
4872,52.715
4873,51.061
4874,48.364
4875,52.234
4876,50.492
4877,48.443
4878,50.114
4879,49.432
4880,52.593
4881,50.610
4882,49.828
4883,50.632
4884,52.848
4885,55.724
4886,50.849
4887,51.301
4888,52.637
4889,49.783
4890,53.694
4891,54.269
4892,51.722
4893,49.242
4894,54.570
4895,52.037
4896,51.335
4897,50.243
4898,49.777
4899,51.235
4900,51.610
4901,53.858
4902,52.179
4903,53.588
4904,52.902
4905,49.230
4906,51.585
4907,51.671
4908,54.914
4909,49.464
4910,49.263
4911,49.385
4912,50.353
4913,48.283
4914,50.890
4915,49.432
4916,51.158
4917,49.927
4918,51.808
4919,49.934
4920,54.402
4921,48.453
4922,51.504
4923,51.248
4924,50.109
4925,49.713
4926,52.795
4927,51.695
4928,49.254
4929,50.151
4930,49.373
4931,46.881
4932,51.481
4933,45.204
4934,50.356
4935,50.708
4936,49.033
4937,55.292
4938,49.174
4939,46.866
4940,52.250
4941,50.232
4942,46.607
4943,48.912
4944,49.722
4945,46.942
4946,45.808
4947,46.677
4948,49.812
4949,47.512
4950,46.430
4951,48.478
4952,52.883
4953,50.583
4954,51.100
4955,46.756
4956,50.360
4957,50.977
4958,48.636
4959,45.575
4960,52.400
4961,48.016
4962,50.435
4963,48.968
4964,50.000
4965,50.039
4966,46.594
4967,48.652
4968,51.211
4969,58.874
4970,55.860
4971,51.384
4972,50.011
4973,51.076
4974,51.802
4975,55.171
4976,50.970
4977,52.047
4978,52.395
4979,49.520
4980,50.590
4981,49.513
4982,54.017
4983,53.816
4984,51.327
4985,50.204
4986,51.124
4987,51.660
4988,49.162
4989,51.731
4990,53.045
4991,48.325
4992,50.314
4993,52.126
4994,51.108
4995,46.706
4996,47.871
4997,47.440
4998,52.727
4999,51.921
5000,53.022
5001,51.907
5002,49.559
5003,49.608
5004,49.092
5005,50.156
5006,52.699
5007,51.536
5008,49.116
5009,49.042
5010,50.281
5011,48.912
5012,51.993
5013,49.085
5014,49.029
5015,49.798
5016,48.181
5017,50.648
5018,50.800
5019,51.470
5020,48.696
5021,49.493
5022,46.615
5023,49.779
5024,50.387
5025,50.446
5026,50.555
5027,51.132
5028,45.589
5029,52.737
5030,49.546
5031,48.708
5032,48.666
5033,48.102
5034,49.661
5035,51.259
5036,48.500
5037,49.375
5038,50.817
5039,49.271
5040,48.544
5041,48.742
5042,49.682
5043,49.948
5044,47.463
5045,47.212
5046,47.017
5047,44.113
5048,48.670
5049,50.757
5050,51.100
5051,47.879
5052,53.526
5053,49.491
5054,47.285
5055,48.499
5056,49.480
5057,48.760
5058,49.503
5059,51.166
5060,49.049
5061,51.529
5062,48.367
5063,51.044
5064,49.819
5065,49.021
5066,48.917
5067,46.421
5068,51.325
5069,48.796
5070,50.423
5071,47.078
5072,46.300
5073,50.020
5074,47.695
5075,47.781
5076,50.865
5077,46.833
5078,52.002
5079,49.250
5080,51.823
5081,51.496
5082,53.065
5083,52.314
5084,50.652
5085,51.739
5086,52.065
5087,53.273
5088,54.717
5089,50.739
5090,50.261
5091,51.290
5092,50.655
5093,53.319
5094,56.449
5095,50.126
5096,51.138
5097,52.467
5098,51.176
5099,52.992
5100,50.753
5101,49.400
5102,49.246
5103,48.432
5104,48.075
5105,47.431
5106,50.403
5107,48.378
5108,49.136
5109,46.215
5110,47.100
5111,44.873
5112,50.331
5113,48.558
5114,48.645
5115,49.541
5116,49.538
5117,48.097
5118,50.200
5119,49.277
5120,50.490
5121,48.458
5122,47.403
5123,49.318
5124,46.664
5125,47.261
5126,50.206
5127,45.815
5128,51.394
5129,45.647
5130,49.779
5131,47.057
5132,46.050
5133,43.523
5134,47.688
5135,45.883
5136,47.679
5137,47.815
5138,45.694
5139,46.971
5140,47.283
5141,46.353
5142,47.441
5143,50.048
5144,46.384
5145,46.934
5146,48.164
5147,45.474
5148,47.253
5149,47.843
5150,46.167
5151,48.511
5152,46.366
5153,48.427
5154,50.487
5155,47.810
5156,49.013
5157,50.282
5158,45.059
5159,46.609
5160,45.499
5161,46.752
5162,48.499
5163,48.557
5164,47.188
5165,48.263
5166,46.465
5167,49.275
5168,46.257
5169,45.636
5170,46.968
5171,48.027
5172,46.075
5173,49.030
5174,47.234
5175,49.260
5176,45.891
5177,46.208
5178,49.801
5179,48.570
5180,48.528
5181,46.417
5182,45.938
5183,47.415
5184,42.362
5185,46.863
5186,47.415
5187,45.854
5188,51.107
5189,49.493
5190,48.391
5191,47.230
5192,47.020
5193,48.042
5194,45.650
5195,46.577
5196,48.617
5197,46.597
5198,46.118
5199,48.456
5200,45.366
5201,46.065
5202,46.584
5203,48.137
5204,46.751
5205,46.152
5206,47.398
5207,44.408
5208,45.155
5209,48.450
5210,47.829
5211,46.642
5212,50.606
5213,48.667
5214,49.458
5215,50.363
5216,47.821
5217,46.211
5218,45.269
5219,48.018
5220,43.528
5221,46.874
5222,46.721
5223,46.664
5224,44.871
5225,46.631
5226,47.242
5227,47.856
5228,50.066
5229,47.061
5230,43.057
5231,48.350
5232,44.689
5233,45.492
5234,47.838
5235,45.912
5236,46.853
5237,47.344
5238,48.814
5239,49.385
5240,47.860
5241,47.926
5242,46.756
5243,46.731
5244,49.713
5245,44.508
5246,48.455
5247,48.740
5248,48.305
5249,47.449
5250,48.305
5251,45.699
5252,44.917
5253,48.403
5254,45.990
5255,44.353
5256,46.997
5257,47.134
5258,46.959
5259,48.666
5260,47.674
5261,47.935
5262,51.934
5263,45.349
5264,45.531
5265,43.084
5266,41.301
5267,42.009
5268,42.869
5269,44.866
5270,43.035
5271,40.481
5272,40.134
5273,42.305
5274,42.181
5275,45.220
5276,41.212
5277,42.806
5278,41.287
5279,41.249
5280,42.150
5281,41.562
5282,42.837
5283,42.934
5284,39.782
5285,41.829
5286,41.359
5287,41.865
5288,42.329
5289,40.730
5290,43.155
5291,42.919
5292,41.210
5293,42.567
5294,42.820
5295,44.044
5296,41.595
5297,43.504
5298,42.867
5299,42.852
5300,42.460
5301,43.307
5302,44.296
5303,43.298
5304,43.408
5305,44.382
5306,40.969
5307,42.220
5308,45.554
5309,45.887
5310,44.537
5311,43.415
5312,40.854
5313,42.655
5314,41.083
5315,41.757
5316,42.132
5317,44.765
5318,41.708
5319,42.944
5320,42.436
5321,41.858
5322,41.833
5323,43.039
5324,40.704
5325,43.294
5326,41.510
5327,43.070
5328,40.152
5329,42.800
5330,43.215
5331,42.452
5332,40.515
5333,43.669
5334,42.127
5335,41.723
5336,39.960
5337,42.528
5338,41.089
5339,40.523
5340,44.617
5341,43.200
5342,44.122
5343,40.589
5344,41.122
5345,41.295
5346,41.142
5347,42.287
5348,43.641
5349,40.508
5350,42.981
5351,40.967
5352,41.493
5353,45.115
5354,41.920
5355,41.519
5356,42.548
5357,42.002
5358,42.973
5359,43.201
5360,41.956
5361,39.875
5362,40.040
5363,43.031
5364,42.667
5365,42.011
5366,39.268
5367,42.068
5368,39.739
5369,42.140
5370,41.004
5371,42.878
5372,44.338
5373,41.781
5374,41.756
5375,42.866
5376,42.962
5377,45.246
5378,44.653
5379,43.028
5380,42.195
5381,49.287
5382,43.912
5383,45.093
5384,46.052
5385,46.037
5386,47.172
5387,44.882
5388,42.636
5389,45.554
5390,43.902
5391,45.665
5392,45.265
5393,45.981
5394,44.092
5395,47.377
5396,44.623
5397,47.602
5398,43.416
5399,44.291
5400,47.189
5401,44.317
5402,47.828
5403,46.334
5404,44.105
5405,43.169
5406,43.129
5407,43.209
5408,43.542
5409,43.747
5410,45.569
5411,45.470
5412,45.952
5413,48.062
5414,45.872
5415,47.754
5416,46.583
5417,51.125
5418,47.180
5419,47.965
5420,47.136
5421,47.040
5422,46.213
5423,46.971
5424,49.008
5425,46.425
5426,46.175
5427,44.551
5428,46.566
5429,46.045
5430,51.114
5431,46.089
5432,44.915
5433,42.932
5434,47.234
5435,45.235
5436,45.103
5437,49.305
5438,46.073
5439,45.504
5440,45.319
5441,45.935
5442,44.948
5443,42.950
5444,43.857
5445,48.344
5446,42.783
5447,45.451
5448,44.549
5449,42.060
5450,43.499
5451,47.807
5452,46.573
5453,44.525
5454,42.711
5455,44.326
5456,44.337
5457,45.573
5458,44.410
5459,43.408
5460,42.538
5461,41.998
5462,45.042
5463,43.177
5464,41.969
5465,44.165
5466,45.795
5467,43.796
5468,43.297
5469,43.827
5470,44.587
5471,42.760
5472,43.905
5473,44.983
5474,44.540
5475,46.326
5476,44.873
5477,46.001
5478,41.902
5479,44.835
5480,44.999
5481,45.568
5482,46.079
5483,42.345
5484,47.079
5485,45.075
5486,44.721
5487,44.835
5488,43.742
5489,60.045
5490,54.652
5491,59.122
5492,54.504
5493,54.357
5494,58.243
5495,55.086
5496,60.608
5497,57.058
5498,63.517
5499,59.901
5500,57.895
5501,54.073
5502,57.915
5503,64.064
5504,56.654
5505,60.608
5506,57.794
5507,56.825
5508,58.600
5509,58.927
5510,51.763
5511,54.761
5512,51.969
5513,58.334
5514,59.913
5515,61.503
5516,63.173
5517,59.644
5518,62.556
5519,62.242
5520,57.352
5521,63.288
5522,60.065
5523,62.765
5524,60.038
5525,60.997
5526,59.138
5527,63.460
5528,62.766
5529,63.516
5530,61.694
5531,59.953
5532,62.464
5533,62.186
5534,56.637
5535,59.240
5536,58.371
5537,54.780
5538,60.587
5539,57.295
5540,60.720
5541,53.751
5542,57.676
5543,59.084
5544,63.144
5545,60.977
5546,59.390
5547,57.450
5548,60.684
5549,57.512
5550,55.472
5551,57.193
5552,54.810
5553,53.703
5554,58.049
5555,59.866
5556,57.994
5557,57.695
5558,61.334
5559,60.143
5560,62.606
5561,57.689
5562,59.193
5563,57.362
5564,60.310
5565,57.904
5566,54.442
5567,59.105
5568,58.530
5569,61.846
5570,60.473
5571,62.530
5572,61.820
5573,59.566
5574,57.590
5575,59.181
5576,55.684
5577,55.759
5578,58.959
5579,62.958
5580,60.884
5581,57.308
5582,61.126
5583,57.865
5584,60.052
5585,59.666
5586,63.133
5587,63.603
5588,62.167
5589,57.526
5590,59.907
5591,57.887
5592,59.496
5593,60.295
5594,56.662
5595,61.108
5596,60.055
5597,63.232
5598,60.562
5599,65.406
5600,57.551
5601,58.831
5602,54.333
5603,56.865
5604,59.796
5605,58.638
5606,57.446
5607,56.584
5608,56.540
5609,57.295
5610,56.638
5611,59.240
5612,58.056
5613,55.560
5614,54.085
5615,56.352
5616,62.629
5617,59.480
5618,60.904
5619,59.498
5620,56.776
5621,59.978
5622,60.533
5623,60.172
5624,59.644
5625,58.300
5626,55.515
5627,54.789
5628,59.905
5629,61.345
5630,60.558
5631,60.473
5632,56.172
5633,56.165
5634,56.908
5635,60.890
5636,60.161
5637,59.403
5638,58.416
5639,57.299
5640,56.876
5641,56.911
5642,59.597
5643,59.535
5644,58.621
5645,57.700
5646,60.604
5647,59.414
5648,55.574
5649,54.871
5650,60.353
5651,60.433
5652,62.481
5653,63.644
5654,61.876
5655,59.549
5656,57.041
5657,56.962
5658,61.309
5659,55.232
5660,58.062
5661,58.407
5662,54.529
5663,64.573
5664,58.508
5665,58.067
5666,55.339
5667,59.487
5668,56.442
5669,59.502
5670,55.448
5671,56.396
5672,54.456
5673,59.467
5674,54.960
5675,57.746
5676,59.087
5677,59.853
5678,62.097
5679,58.958
5680,59.352
5681,58.934
5682,56.193
5683,58.300
5684,58.393
5685,63.904
5686,55.398
5687,58.233
5688,57.610
5689,54.461
5690,58.369
5691,60.311
5692,59.279
5693,57.277
5694,57.704
5695,58.403
5696,62.897
5697,61.104
5698,63.102
5699,59.353
5700,59.920
5701,60.020
5702,62.060
5703,58.982
5704,59.232
5705,56.661
5706,62.235
5707,63.737
5708,59.219
5709,60.410
5710,55.267
5711,54.956
5712,57.573
5713,60.856
5714,60.345
5715,58.826
5716,62.869
5717,61.090
5718,65.421
5719,57.344
5720,58.489
5721,58.749
5722,61.792
5723,59.468
5724,58.746
5725,59.699
5726,59.645
5727,58.925
5728,58.779
5729,57.663
5730,57.154
5731,54.614
5732,54.300
5733,53.660
5734,55.816
5735,55.926
5736,56.743
5737,60.442
5738,52.776
5739,58.282
5740,55.712
5741,62.817
5742,56.978
5743,58.248
5744,57.956
5745,62.754
5746,63.719
5747,64.235
5748,61.944
5749,68.732
5750,65.993
5751,64.898
5752,65.879
5753,67.997
5754,64.324
5755,67.612
5756,62.739
5757,64.257
5758,64.202
5759,60.733
5760,63.251
5761,64.084
5762,61.958
5763,65.709
5764,65.905
5765,59.292
5766,56.407
5767,59.759
5768,62.663
5769,61.029
5770,63.942
5771,60.401
5772,53.972
5773,58.357
5774,59.637
5775,60.637
5776,59.525
5777,56.950
5778,61.167
5779,57.112
5780,59.362
5781,58.719
5782,67.706
5783,57.615
5784,59.817
5785,61.152
5786,59.767
5787,58.512
5788,58.480
5789,60.400
5790,57.544
5791,56.256
5792,59.023
5793,62.698
5794,55.972
5795,57.331
5796,61.631
5797,60.161
5798,65.690
5799,57.385
5800,57.483
5801,58.691
5802,56.965
5803,55.633
5804,53.522
5805,56.883
5806,60.766
5807,59.993
5808,58.704
5809,57.997
5810,58.520
5811,58.815
5812,57.240
5813,60.704
5814,58.839
5815,61.068
5816,54.948
5817,62.748
5818,54.598
5819,56.468
5820,57.975
5821,55.863
5822,56.818
5823,58.969
5824,59.033
5825,53.282
5826,59.071
5827,57.674
5828,55.596
5829,56.221
5830,56.347
5831,54.419
5832,56.054
5833,58.929
5834,57.669
5835,61.416
5836,56.876
5837,59.222
5838,59.754
5839,57.136
5840,54.811
5841,58.357
5842,58.689
5843,62.872
5844,59.494
5845,62.508
5846,60.546
5847,62.009
5848,62.035
5849,61.388
5850,55.830
5851,54.210
5852,61.938
5853,57.323
5854,59.540
5855,57.210
5856,54.033
5857,59.740
5858,59.288
5859,61.829
5860,57.809
5861,58.271
5862,62.203
5863,55.507
5864,62.391
5865,61.578
5866,61.533
5867,61.867
5868,60.896
5869,62.059
5870,67.315
5871,63.599
5872,60.561
5873,60.612
5874,57.265
5875,64.973
5876,61.535
5877,59.500
5878,64.730
5879,56.950
5880,59.973
5881,61.645
5882,60.754
5883,63.261
5884,59.846
5885,56.761
5886,65.653
5887,60.212
5888,56.814
5889,60.333
5890,57.737
5891,57.039
5892,55.096
5893,54.302
5894,59.054
5895,68.562
5896,74.830
5897,68.896
5898,64.271
5899,67.151
5900,66.478
5901,63.107
5902,60.025
5903,64.084
5904,62.421
5905,62.340
5906,61.765
5907,64.943
5908,63.008
5909,60.663
5910,65.235
5911,60.229
5912,62.472
5913,58.504
5914,61.050
5915,62.021
5916,64.430
5917,59.184
5918,63.308
5919,58.640
5920,56.502
5921,61.770
5922,59.989
5923,62.352
5924,61.836
5925,57.421
5926,57.767
5927,55.537
5928,56.537
5929,55.929
5930,58.896
5931,59.739
5932,63.780
5933,60.199
5934,55.129
5935,52.783
5936,56.970
5937,61.038
5938,63.933
5939,66.519
5940,60.404
5941,61.503
5942,63.656
5943,57.805
5944,58.019
5945,59.444
5946,59.184
5947,64.719
5948,57.744
5949,61.731
5950,58.715
5951,56.965
5952,58.359
5953,57.819
5954,57.417
5955,60.263
5956,60.027
5957,58.471
5958,57.586
5959,57.625
5960,60.042
5961,62.211
5962,60.145
5963,59.712
5964,54.368
5965,58.089
5966,57.564
5967,53.894
5968,56.893
5969,57.618
5970,55.797
5971,60.712
5972,62.081
5973,64.482
5974,58.910
5975,55.246
5976,56.753
5977,60.996
5978,55.215
5979,58.510
5980,58.033
5981,60.302
5982,56.688
5983,58.516
5984,62.292
5985,60.951
5986,60.445
5987,58.435
5988,59.181
5989,58.715
5990,58.196
5991,57.894
5992,60.532
5993,58.156
5994,57.401
5995,57.805
5996,56.710
5997,62.059
5998,54.006
5999,59.462
6000,58.981
6001,61.583
6002,58.704
6003,58.469
6004,57.749
6005,56.946
6006,60.007
6007,56.532
6008,55.891
6009,59.373
6010,58.253
6011,58.062
6012,57.249
6013,58.527
6014,60.195
6015,58.751
6016,59.032
6017,65.491
6018,57.268
6019,58.511
6020,57.705
6021,59.564
6022,61.368
6023,57.030
6024,65.651
6025,59.463
6026,58.066
6027,59.444
6028,58.838
6029,60.311
6030,56.655
6031,59.651
6032,57.788
6033,57.265
6034,68.500
6035,58.095
6036,56.470
6037,58.992
6038,57.488
6039,60.808
6040,59.308
6041,59.185
6042,56.031
6043,60.306
6044,64.403
6045,61.275
6046,57.496
6047,53.902
6048,56.516
6049,52.675
6050,58.944
6051,57.291
6052,56.214
6053,59.670
6054,55.574
6055,61.122
6056,60.652
6057,66.176
6058,59.061
6059,56.442
6060,57.705
6061,53.012
6062,58.949
6063,55.189
6064,58.483
6065,56.056
6066,57.246
6067,58.694
6068,61.160
6069,61.383
6070,59.117
6071,61.337
6072,56.904
6073,61.280
6074,57.943
6075,61.959
6076,56.717
6077,52.470
6078,55.781
6079,57.878
6080,59.294
6081,60.969
6082,62.013
6083,60.041
6084,60.008
6085,62.458
6086,64.124
6087,56.382
6088,58.074
6089,59.974
6090,56.645
6091,60.917
6092,61.413
6093,62.160
6094,60.554
6095,63.350
6096,61.170
6097,64.170
6098,58.018
6099,58.877
6100,57.324
6101,59.223
6102,56.071
6103,60.845
6104,58.731
6105,59.891
6106,68.030
6107,66.519
6108,71.298
6109,70.529
6110,67.645
6111,64.631
6112,59.530
6113,64.340
6114,64.246
6115,64.136
6116,62.672
6117,61.814
6118,60.971
6119,60.414
6120,60.910
6121,56.318
6122,57.506
6123,58.602
6124,62.777
6125,59.108
6126,53.103
6127,61.868
6128,55.911
6129,61.945
6130,60.700
6131,57.430
6132,55.189
6133,56.163
6134,59.789
6135,59.477
6136,61.134
6137,54.326
6138,66.022
6139,61.458
6140,60.628
6141,55.277
6142,60.240
6143,62.094
6144,56.800
6145,57.672
6146,58.208
6147,56.765
6148,59.054
6149,56.816
6150,59.613
6151,64.843
6152,63.232
6153,57.996
6154,57.411
6155,60.150
6156,58.565
6157,57.792
6158,60.488
6159,54.887
6160,58.844
6161,58.044
6162,55.215
6163,59.258
6164,61.065
6165,57.951
6166,58.142
6167,60.298
6168,61.592
6169,61.215
6170,57.206
6171,58.459
6172,55.898
6173,59.001
6174,60.037
6175,56.545
6176,60.042
6177,52.202
6178,59.922
6179,59.339
6180,55.856
6181,56.982
6182,60.377
6183,56.892
6184,58.449
6185,59.883
6186,59.047
6187,62.299
6188,60.205
6189,61.816
6190,59.369
6191,57.227
6192,56.169
6193,63.179
6194,55.666
6195,56.608
6196,59.744
6197,61.946
6198,56.372
6199,61.373
6200,64.935
6201,59.490
6202,59.320
6203,56.506
6204,59.114
6205,63.894
6206,60.378
6207,61.135
6208,58.773
6209,56.305
6210,59.779
6211,63.732
6212,62.355
6213,63.732
6214,59.596
6215,58.623
6216,59.788
6217,58.674
6218,57.956
6219,61.126
6220,57.282
6221,60.374
6222,61.069
6223,66.359
6224,64.502
6225,59.308
6226,62.405
6227,58.922
6228,55.825
6229,54.391
6230,62.087
6231,71.491
6232,74.271
6233,68.836
6234,69.394
6235,66.575
6236,65.184
6237,64.210
6238,59.333
6239,58.336
6240,62.709
6241,60.911
6242,64.509
6243,64.539
6244,60.892
6245,66.626
6246,56.393
6247,59.858
6248,60.944
6249,56.186
6250,55.914
6251,60.703
6252,59.952
6253,59.985
6254,62.537
6255,58.739
6256,60.683
6257,60.431
6258,55.711
6259,59.217
6260,58.468
6261,62.021
6262,59.046
6263,53.835
6264,57.826
6265,58.048
6266,55.754
6267,59.021
6268,61.647
6269,63.431
6270,59.446
6271,57.635
6272,58.587
6273,58.855
6274,55.772
6275,55.866
6276,58.785
6277,52.155
6278,58.499
6279,54.814
6280,60.451
6281,59.958
6282,55.360
6283,56.391
6284,61.648
6285,60.541
6286,56.026
6287,60.193
6288,56.158
6289,54.292
6290,59.843
6291,60.959
6292,59.129
6293,59.878
6294,58.703
6295,57.654
6296,56.749
6297,55.743
6298,58.689
6299,60.773
6300,56.548
6301,54.679
6302,57.152
6303,60.558
6304,55.252
6305,57.429
6306,59.573
6307,56.117
6308,62.135
6309,59.754
6310,59.536
6311,58.310
6312,61.578
6313,65.568
6314,61.450
6315,64.097
6316,58.704
6317,59.650
6318,59.827
6319,61.420
6320,60.625
6321,59.406
6322,61.819
6323,64.099
6324,60.201
6325,61.192
6326,59.509
6327,56.624
6328,58.530
6329,55.631
6330,58.263
6331,59.526
6332,60.770
6333,58.787
6334,64.364
6335,65.689
6336,68.775
6337,61.679
6338,62.723
6339,59.631
6340,56.141
6341,62.369
6342,57.210
6343,53.115
6344,59.175
6345,62.498
6346,58.545
6347,61.753
6348,62.154
6349,60.373
6350,59.266
6351,56.917
6352,58.420
6353,55.922
6354,58.025
6355,58.358
6356,60.701
6357,57.459
6358,60.029
6359,59.294
6360,57.970
6361,57.763
6362,57.143
6363,54.306
6364,56.110
6365,57.728
6366,57.904
6367,59.004
6368,60.423
6369,56.994
6370,54.558
6371,63.441
6372,58.319
6373,55.989
6374,57.579
6375,59.397
6376,61.977
6377,59.801
6378,55.705
6379,56.902
6380,60.679
6381,59.094
6382,56.978
6383,58.423
6384,62.564
6385,56.499
6386,61.410
6387,56.094
6388,60.107
6389,58.029
6390,59.225
6391,56.276
6392,64.125
6393,58.723
6394,55.365
6395,56.362
6396,61.118
6397,58.119
6398,58.104
6399,55.684
6400,58.481
6401,55.108
6402,57.454
6403,55.849
6404,57.702
6405,53.190
6406,54.417
6407,60.004
6408,53.938
6409,57.229
6410,59.581
6411,59.440
6412,63.060
6413,59.930
6414,56.797
6415,56.093
6416,54.672
6417,58.921
6418,56.196
6419,64.314
6420,60.148
6421,57.153
6422,60.605
6423,61.604
6424,59.584
6425,61.888
6426,68.013
6427,63.030
6428,64.202
6429,61.142
6430,64.109
6431,61.837
6432,65.459
6433,66.128
6434,67.868
6435,67.381
6436,60.810
6437,63.518
6438,62.710
6439,61.913
6440,60.930
6441,60.422
6442,61.999
6443,63.302
6444,57.384
6445,57.823
6446,62.000
6447,61.618
6448,58.609
6449,63.500
6450,60.693
6451,62.183
6452,58.863
6453,56.881
6454,58.787
6455,59.859
6456,57.275
6457,56.138
6458,58.371
6459,56.431
6460,60.326
6461,59.199
6462,56.821
6463,56.394
6464,55.645
6465,57.454
6466,58.972
6467,54.480
6468,53.570
6469,53.473
6470,53.312
6471,59.915
6472,58.500
6473,59.087
6474,57.192
6475,56.765
6476,58.298
6477,60.387
6478,61.071
6479,58.167
6480,53.062
6481,55.011
6482,58.599
6483,56.309
6484,58.685
6485,60.570
6486,57.390
6487,58.151
6488,56.814
6489,55.806
6490,55.441
6491,60.391
6492,57.175
6493,60.737
6494,54.834
6495,58.253
6496,60.387
6497,60.195
6498,55.225
6499,54.190
6500,55.509
6501,57.799
6502,60.028
6503,57.335
6504,59.449
6505,62.489
6506,58.915
6507,57.121
6508,55.839
6509,56.815
6510,56.733
6511,58.559
6512,57.357
6513,56.529
6514,56.223
6515,53.806
6516,58.585
6517,55.930
6518,54.359
6519,57.637
6520,62.953
6521,58.050
6522,56.719
6523,53.346
6524,57.552
6525,62.720
6526,57.132
6527,57.790
6528,55.500
6529,57.261
6530,63.723
6531,59.100
6532,55.371
6533,62.132
6534,59.117
6535,58.243
6536,60.060
6537,65.998
6538,57.811
6539,60.794
6540,66.114
6541,69.095
6542,71.867
6543,71.268
6544,64.078
6545,65.262
6546,57.430
6547,55.877
6548,60.636
6549,56.415
6550,55.898
6551,61.727
6552,62.360
6553,59.677
6554,58.220
6555,63.587
6556,62.541
6557,55.142
6558,61.128
6559,53.672
6560,58.173
6561,55.554
6562,58.092
6563,54.709
6564,52.166
6565,58.868
6566,58.683
6567,57.894
6568,51.769
6569,58.371
6570,56.021
6571,55.417
6572,54.513
6573,58.304
6574,58.767
6575,57.492
6576,57.454
6577,53.431
6578,59.184
6579,58.562
6580,52.999
6581,59.594
6582,56.121
6583,58.690
6584,56.812
6585,57.330
6586,56.425
6587,58.084
6588,56.217
6589,57.603
6590,55.616
6591,58.415
6592,56.849
6593,56.886
6594,64.652
6595,56.513
6596,57.839
6597,56.619
6598,56.039
6599,55.637
6600,56.570
6601,55.645
6602,58.416
6603,55.251
6604,58.056
6605,58.988
6606,57.124
6607,57.188
6608,61.086
6609,61.903
6610,57.670
6611,60.725
6612,55.785
6613,57.122
6614,58.538
6615,62.166
6616,59.276
6617,54.615
6618,55.345
6619,50.789
6620,58.584
6621,54.738
6622,55.119
6623,54.491
6624,57.533
6625,59.050
6626,54.217
6627,55.767
6628,56.606
6629,56.903
6630,62.110
6631,58.693
6632,56.180
6633,55.862
6634,56.917
6635,53.783
6636,65.381
6637,56.967
6638,59.249
6639,59.444
6640,58.009
6641,56.605
6642,58.850
6643,58.915
6644,53.408
6645,57.978
6646,60.218
6647,58.727
6648,60.952
6649,61.756
6650,64.412
6651,62.876
6652,60.415
6653,65.227
6654,61.269
6655,63.798
6656,62.806
6657,55.521
6658,61.128
6659,60.622
6660,61.522
6661,58.435
6662,56.310
6663,59.377
6664,60.725
6665,60.285
6666,60.171
6667,59.910
6668,59.310
6669,56.640
6670,56.978
6671,57.161
6672,63.600
6673,57.840
6674,54.683
6675,57.506
6676,60.867
6677,56.912
6678,63.674
6679,66.477
6680,70.521
6681,68.270
6682,64.699
6683,65.760
6684,60.097
6685,60.978
6686,59.970
6687,58.302
6688,58.794
6689,60.770
6690,54.640
6691,57.706
6692,57.715
6693,60.223
6694,55.608
6695,55.285
6696,57.016
6697,60.616
6698,57.464
6699,55.129
6700,54.242
6701,53.268
6702,57.150
6703,57.085
6704,57.873
6705,59.383
6706,60.259
6707,55.504
6708,57.160
6709,60.314
6710,60.926
6711,59.886
6712,55.975
6713,56.213
6714,61.128
6715,53.401
6716,57.608
6717,58.800
6718,57.632
6719,59.094
6720,53.210
